Id,UniqueRefinement,IsSolution
9a07bf35-ad1d-44fe-8bab-3490b71c5887,['G(F(obstacle_0 -> (!sideSense_0 -> (!throttle_0 -> (throttle_1 -> (!steer_0 -> (!spec_b2f_0 -> (!spec_f2b_0 -> spec_f2b_1))) & (steer_0 -> (!steer_1 -> (!spec_b2f_0 -> (!spec_f2b_0 -> spec_f2b_1)))))) & (throttle_0 -> (!throttle_1 -> (!steer_0 -> (!spec_b2f_0 -> (!spec_f2b_0 -> spec_f2b_1))) & (steer_0 -> (!steer_1 -> (!spec_b2f_0 -> (!spec_f2b_0 -> spec_f2b_1))))))) & (sideSense_0 -> (!sideSense_1 -> (!throttle_0 -> (throttle_1 -> (!steer_0 -> (!spec_b2f_0 -> (!spec_f2b_0 -> spec_f2b_1))) & (steer_0 -> (!steer_1 -> (!spec_b2f_0 -> (!spec_f2b_0 -> spec_f2b_1)))))) & (throttle_0 -> (!throttle_1 -> (!steer_0 -> (!spec_b2f_0 -> (!spec_f2b_0 -> spec_f2b_1))) & (steer_0 -> (!steer_1 -> (!spec_b2f_0 -> (!spec_f2b_0 -> spec_f2b_1))))))))))'],True
72a64b87-2c2c-4d8a-a753-574636306821,['G(obstacle_0 -> (X(obstacle_0) -> (!sideSense_0 -> (X(!(sideSense_0)) -> (!throttle_0 -> (throttle_1 -> (!steer_0 -> (!spec_b2f_0 -> (!spec_f2b_0 -> spec_f2b_1))) & (steer_0 -> (!steer_1 -> (!spec_b2f_0 -> (!spec_f2b_0 -> spec_f2b_1)))))) & (throttle_0 -> (!throttle_1 -> (!steer_0 -> (!spec_b2f_0 -> (!spec_f2b_0 -> spec_f2b_1))) & (steer_0 -> (!steer_1 -> (!spec_b2f_0 -> (!spec_f2b_0 -> spec_f2b_1))))))) & (X(sideSense_0) -> (X(!(sideSense_1)) -> (!throttle_0 -> (throttle_1 -> (!steer_0 -> (!spec_b2f_0 -> (!spec_f2b_0 -> spec_f2b_1))) & (steer_0 -> (!steer_1 -> (!spec_b2f_0 -> (!spec_f2b_0 -> spec_f2b_1)))))) & (throttle_0 -> (!throttle_1 -> (!steer_0 -> (!spec_b2f_0 -> (!spec_f2b_0 -> spec_f2b_1))) & (steer_0 -> (!steer_1 -> (!spec_b2f_0 -> (!spec_f2b_0 -> spec_f2b_1))))))))) & (sideSense_0 -> (X(!(sideSense_0)) -> (!sideSense_1 -> (!throttle_0 -> (throttle_1 -> (!steer_0 -> (!spec_b2f_0 -> (!spec_f2b_0 -> spec_f2b_1))) & (steer_0 -> (!steer_1 -> (!spec_b2f_0 -> (!spec_f2b_0 -> spec_f2b_1)))))) & (throttle_0 -> (!throttle_1 -> (!steer_0 -> (!spec_b2f_0 -> (!spec_f2b_0 -> spec_f2b_1))) & (steer_0 -> (!steer_1 -> (!spec_b2f_0 -> (!spec_f2b_0 -> spec_f2b_1)))))))) & (X(sideSense_0) -> (!sideSense_1 -> (X(!(sideSense_1)) -> (!throttle_0 -> (throttle_1 -> (!steer_0 -> (!spec_b2f_0 -> (!spec_f2b_0 -> spec_f2b_1))) & (steer_0 -> (!steer_1 -> (!spec_b2f_0 -> (!spec_f2b_0 -> spec_f2b_1)))))) & (throttle_0 -> (!throttle_1 -> (!steer_0 -> (!spec_b2f_0 -> (!spec_f2b_0 -> spec_f2b_1))) & (steer_0 -> (!steer_1 -> (!spec_b2f_0 -> (!spec_f2b_0 -> spec_f2b_1))))))))))))'],True
9cff41bc-ea99-4162-bc0a-fbc4fc6bee2f,['G(obstacle_0 -> (!sideSense_0 -> (!throttle_0 -> (!throttle_1 -> (!spec_b2f_0 -> (!spec_f2b_0 -> spec_f2b_1))) & (throttle_1 -> (steer_0 -> (steer_1 -> (!spec_b2f_0 -> (!spec_f2b_0 -> spec_f2b_1)))))) & (throttle_0 -> (!throttle_1 -> (steer_0 -> (steer_1 -> (!spec_b2f_0 -> (!spec_f2b_0 -> spec_f2b_1))))) & (throttle_1 -> (!spec_b2f_0 -> (!spec_f2b_0 -> spec_f2b_1))))) & (sideSense_0 -> (!sideSense_1 -> (!throttle_0 -> (!throttle_1 -> (!spec_b2f_0 -> (!spec_f2b_0 -> spec_f2b_1))) & (throttle_1 -> (steer_0 -> (steer_1 -> (!spec_b2f_0 -> (!spec_f2b_0 -> spec_f2b_1)))))) & (throttle_0 -> (!throttle_1 -> (steer_0 -> (steer_1 -> (!spec_b2f_0 -> (!spec_f2b_0 -> spec_f2b_1))))) & (throttle_1 -> (!spec_b2f_0 -> (!spec_f2b_0 -> spec_f2b_1)))))))'],True
48a00701-fee3-47f4-8f1f-e95f2a2359db,"['G(obstacle_0 -> (X(obstacle_0) -> (!sideSense_0 -> (X(!(sideSense_0)) -> (!throttle_0 -> (throttle_1 -> (!steer_0 -> (!spec_b2f_0 -> (!spec_f2b_0 -> spec_f2b_1))) & (steer_0 -> (!steer_1 -> (!spec_b2f_0 -> (!spec_f2b_0 -> spec_f2b_1)))))) & (throttle_0 -> (!throttle_1 -> (!steer_0 -> (!spec_b2f_0 -> (!spec_f2b_0 -> spec_f2b_1))) & (steer_0 -> (!steer_1 -> (!spec_b2f_0 -> (!spec_f2b_0 -> spec_f2b_1))))))))))', 'G(obstacle_0 -> (!sideSense_1 -> (!throttle_0 -> (!throttle_1 -> (!spec_b2f_0 -> (!spec_f2b_0 -> spec_f2b_1))) & (throttle_1 -> (steer_0 -> (steer_1 -> (!spec_b2f_0 -> (!spec_f2b_0 -> spec_f2b_1)))))) & (throttle_0 -> (!throttle_1 -> (steer_0 -> (steer_1 -> (!spec_b2f_0 -> (!spec_f2b_0 -> spec_f2b_1))))) & (throttle_1 -> (!spec_b2f_0 -> (!spec_f2b_0 -> spec_f2b_1))))))']",True
1c0c6f71-beea-4cb2-97b5-96c07f316280,"['G(F(obstacle_0 -> (sideSense_0 -> (!sideSense_1 -> (!throttle_0 -> (throttle_1 -> (!steer_0 -> (!spec_b2f_0 -> (!spec_f2b_0 -> spec_f2b_1))) & (steer_0 -> (!steer_1 -> (!spec_b2f_0 -> (!spec_f2b_0 -> spec_f2b_1)))))) & (throttle_0 -> (!throttle_1 -> (!steer_0 -> (!spec_b2f_0 -> (!spec_f2b_0 -> spec_f2b_1))) & (steer_0 -> (!steer_1 -> (!spec_b2f_0 -> (!spec_f2b_0 -> spec_f2b_1))))))))))', 'G(obstacle_0 -> (!sideSense_0 -> (!throttle_0 -> (!throttle_1 -> (!spec_b2f_0 -> (!spec_f2b_0 -> spec_f2b_1))) & (throttle_1 -> (steer_0 -> (steer_1 -> (!spec_b2f_0 -> (!spec_f2b_0 -> spec_f2b_1)))))) & (throttle_0 -> (!throttle_1 -> (steer_0 -> (steer_1 -> (!spec_b2f_0 -> (!spec_f2b_0 -> spec_f2b_1))))) & (throttle_1 -> (!spec_b2f_0 -> (!spec_f2b_0 -> spec_f2b_1))))))']",True
0e5c39e6-1dc9-41fd-a057-cde34e66339e,"['G(obstacle_0 -> (!sideSense_0 -> (!throttle_0 -> (!throttle_1 -> (!spec_b2f_0 -> (!spec_f2b_0 -> spec_f2b_1))) & (throttle_1 -> (steer_0 -> (steer_1 -> (!spec_b2f_0 -> (!spec_f2b_0 -> spec_f2b_1)))))) & (throttle_0 -> (!throttle_1 -> (steer_0 -> (steer_1 -> (!spec_b2f_0 -> (!spec_f2b_0 -> spec_f2b_1))))) & (throttle_1 -> (!spec_b2f_0 -> (!spec_f2b_0 -> spec_f2b_1))))))', 'G(obstacle_0 -> (X(obstacle_0) -> (sideSense_0 -> (X(sideSense_0) -> (!sideSense_1 -> (X(!(sideSense_1)) -> (!throttle_0 -> (throttle_1 -> (!steer_0 -> (!spec_b2f_0 -> (!spec_f2b_0 -> spec_f2b_1))) & (steer_0 -> (!steer_1 -> (!spec_b2f_0 -> (!spec_f2b_0 -> spec_f2b_1)))))) & (throttle_0 -> (!throttle_1 -> (!steer_0 -> (!spec_b2f_0 -> (!spec_f2b_0 -> spec_f2b_1))) & (steer_0 -> (!steer_1 -> (!spec_b2f_0 -> (!spec_f2b_0 -> spec_f2b_1))))))))))))']",True
e2e6cde0-5546-468c-96c5-0fddd001b253,"['G(obstacle_0 -> (!sideSense_0 -> (!throttle_0 -> (!throttle_1 -> (!spec_b2f_0 -> (!spec_f2b_0 -> spec_f2b_1))) & (throttle_1 -> (steer_0 -> (steer_1 -> (!spec_b2f_0 -> (!spec_f2b_0 -> spec_f2b_1)))))) & (throttle_0 -> (!throttle_1 -> (steer_0 -> (steer_1 -> (!spec_b2f_0 -> (!spec_f2b_0 -> spec_f2b_1))))) & (throttle_1 -> (!spec_b2f_0 -> (!spec_f2b_0 -> spec_f2b_1))))))', 'G(obstacle_0 -> (sideSense_0 -> (!sideSense_1 -> (!throttle_0 -> (!throttle_1 -> (!spec_b2f_0 -> (!spec_f2b_0 -> spec_f2b_1))) & (throttle_1 -> (steer_0 -> (steer_1 -> (!spec_b2f_0 -> (!spec_f2b_0 -> spec_f2b_1)))))) & (throttle_0 -> (!throttle_1 -> (steer_0 -> (steer_1 -> (!spec_b2f_0 -> (!spec_f2b_0 -> spec_f2b_1))))) & (throttle_1 -> (!spec_b2f_0 -> (!spec_f2b_0 -> spec_f2b_1)))))))']",True
2daffe05-37ab-402d-ab1b-493299d155eb,['G(F(obstacle_0 -> (!sideSense_0 -> (!throttle_0 -> (throttle_1 -> (!steer_0 -> (!spec_b2f_0 -> (!spec_f2b_0 -> spec_f2b_1))) & (steer_0 -> (!steer_1 -> (!spec_b2f_0 -> (!spec_f2b_0 -> spec_f2b_1)))))) & (throttle_0 -> (!throttle_1 -> (!steer_0 -> (!spec_b2f_0 -> (!spec_f2b_0 -> spec_f2b_1))) & (steer_0 -> (!steer_1 -> (!spec_b2f_0 -> (!spec_f2b_0 -> spec_f2b_1))))))) & (sideSense_0 -> (!sideSense_1 -> (!throttle_0 -> (throttle_1 -> (!steer_0 -> (!spec_b2f_0 -> (!spec_f2b_0 -> spec_f2b_1))) & (steer_0 -> (!steer_1 -> (!spec_b2f_0 -> (!spec_f2b_0 -> spec_f2b_1)))))) & (throttle_0 -> (!throttle_1 -> (!steer_0 -> (!spec_b2f_0 -> (!spec_f2b_0 -> spec_f2b_1))) & (steer_0 -> (!steer_1 -> (!spec_b2f_0 -> (!spec_f2b_0 -> spec_f2b_1))))))))))'],True
3c24c495-faa3-4faf-a532-71663e80c6d3,['G(obstacle_0 -> (X(obstacle_0) -> (!sideSense_0 -> (X(!(sideSense_0)) -> (!throttle_0 -> (throttle_1 -> (!steer_0 -> (!spec_b2f_0 -> (!spec_f2b_0 -> spec_f2b_1))) & (steer_0 -> (!steer_1 -> (!spec_b2f_0 -> (!spec_f2b_0 -> spec_f2b_1)))))) & (throttle_0 -> (!throttle_1 -> (!steer_0 -> (!spec_b2f_0 -> (!spec_f2b_0 -> spec_f2b_1))) & (steer_0 -> (!steer_1 -> (!spec_b2f_0 -> (!spec_f2b_0 -> spec_f2b_1))))))) & (X(sideSense_0) -> (X(!(sideSense_1)) -> (!throttle_0 -> (throttle_1 -> (!steer_0 -> (!spec_b2f_0 -> (!spec_f2b_0 -> spec_f2b_1))) & (steer_0 -> (!steer_1 -> (!spec_b2f_0 -> (!spec_f2b_0 -> spec_f2b_1)))))) & (throttle_0 -> (!throttle_1 -> (!steer_0 -> (!spec_b2f_0 -> (!spec_f2b_0 -> spec_f2b_1))) & (steer_0 -> (!steer_1 -> (!spec_b2f_0 -> (!spec_f2b_0 -> spec_f2b_1))))))))) & (sideSense_0 -> (X(!(sideSense_0)) -> (!sideSense_1 -> (!throttle_0 -> (throttle_1 -> (!steer_0 -> (!spec_b2f_0 -> (!spec_f2b_0 -> spec_f2b_1))) & (steer_0 -> (!steer_1 -> (!spec_b2f_0 -> (!spec_f2b_0 -> spec_f2b_1)))))) & (throttle_0 -> (!throttle_1 -> (!steer_0 -> (!spec_b2f_0 -> (!spec_f2b_0 -> spec_f2b_1))) & (steer_0 -> (!steer_1 -> (!spec_b2f_0 -> (!spec_f2b_0 -> spec_f2b_1)))))))) & (X(sideSense_0) -> (!sideSense_1 -> (X(!(sideSense_1)) -> (!throttle_0 -> (throttle_1 -> (!steer_0 -> (!spec_b2f_0 -> (!spec_f2b_0 -> spec_f2b_1))) & (steer_0 -> (!steer_1 -> (!spec_b2f_0 -> (!spec_f2b_0 -> spec_f2b_1)))))) & (throttle_0 -> (!throttle_1 -> (!steer_0 -> (!spec_b2f_0 -> (!spec_f2b_0 -> spec_f2b_1))) & (steer_0 -> (!steer_1 -> (!spec_b2f_0 -> (!spec_f2b_0 -> spec_f2b_1))))))))))))'],True
dc07a1ed-109e-4ea1-b9b1-d0906ae606ac,['G(obstacle_0 -> (!sideSense_0 -> (!throttle_0 -> (!throttle_1 -> (!spec_b2f_0 -> (!spec_f2b_0 -> spec_f2b_1))) & (throttle_1 -> (steer_0 -> (steer_1 -> (!spec_b2f_0 -> (!spec_f2b_0 -> spec_f2b_1)))))) & (throttle_0 -> (!throttle_1 -> (steer_0 -> (steer_1 -> (!spec_b2f_0 -> (!spec_f2b_0 -> spec_f2b_1))))) & (throttle_1 -> (!spec_b2f_0 -> (!spec_f2b_0 -> spec_f2b_1))))) & (sideSense_0 -> (!sideSense_1 -> (!throttle_0 -> (!throttle_1 -> (!spec_b2f_0 -> (!spec_f2b_0 -> spec_f2b_1))) & (throttle_1 -> (steer_0 -> (steer_1 -> (!spec_b2f_0 -> (!spec_f2b_0 -> spec_f2b_1)))))) & (throttle_0 -> (!throttle_1 -> (steer_0 -> (steer_1 -> (!spec_b2f_0 -> (!spec_f2b_0 -> spec_f2b_1))))) & (throttle_1 -> (!spec_b2f_0 -> (!spec_f2b_0 -> spec_f2b_1)))))))'],True
3a9c1553-e66f-4a4d-90fc-4774e6248c47,"['G(obstacle_0 -> (X(obstacle_0) -> (!sideSense_0 -> (X(!(sideSense_0)) -> (!throttle_0 -> (throttle_1 -> (!steer_0 -> (!spec_b2f_0 -> (!spec_f2b_0 -> spec_f2b_1))) & (steer_0 -> (!steer_1 -> (!spec_b2f_0 -> (!spec_f2b_0 -> spec_f2b_1)))))) & (throttle_0 -> (!throttle_1 -> (!steer_0 -> (!spec_b2f_0 -> (!spec_f2b_0 -> spec_f2b_1))) & (steer_0 -> (!steer_1 -> (!spec_b2f_0 -> (!spec_f2b_0 -> spec_f2b_1))))))))))', 'G(obstacle_0 -> (!sideSense_1 -> (!throttle_0 -> (!throttle_1 -> (!spec_b2f_0 -> (!spec_f2b_0 -> spec_f2b_1))) & (throttle_1 -> (steer_0 -> (steer_1 -> (!spec_b2f_0 -> (!spec_f2b_0 -> spec_f2b_1)))))) & (throttle_0 -> (!throttle_1 -> (steer_0 -> (steer_1 -> (!spec_b2f_0 -> (!spec_f2b_0 -> spec_f2b_1))))) & (throttle_1 -> (!spec_b2f_0 -> (!spec_f2b_0 -> spec_f2b_1))))))']",True
d901c265-066e-4d99-b4b0-eae2f2e876f9,"['G(F(obstacle_0 -> (sideSense_0 -> (!sideSense_1 -> (!throttle_0 -> (throttle_1 -> (!steer_0 -> (!spec_b2f_0 -> (!spec_f2b_0 -> spec_f2b_1))) & (steer_0 -> (!steer_1 -> (!spec_b2f_0 -> (!spec_f2b_0 -> spec_f2b_1)))))) & (throttle_0 -> (!throttle_1 -> (!steer_0 -> (!spec_b2f_0 -> (!spec_f2b_0 -> spec_f2b_1))) & (steer_0 -> (!steer_1 -> (!spec_b2f_0 -> (!spec_f2b_0 -> spec_f2b_1))))))))))', 'G(obstacle_0 -> (!sideSense_0 -> (!throttle_0 -> (!throttle_1 -> (!spec_b2f_0 -> (!spec_f2b_0 -> spec_f2b_1))) & (throttle_1 -> (steer_0 -> (steer_1 -> (!spec_b2f_0 -> (!spec_f2b_0 -> spec_f2b_1)))))) & (throttle_0 -> (!throttle_1 -> (steer_0 -> (steer_1 -> (!spec_b2f_0 -> (!spec_f2b_0 -> spec_f2b_1))))) & (throttle_1 -> (!spec_b2f_0 -> (!spec_f2b_0 -> spec_f2b_1))))))']",True
4f5e9b40-b2b7-44fe-9cac-ccb8a6cdfce7,"['G(obstacle_0 -> (!sideSense_0 -> (!throttle_0 -> (!throttle_1 -> (!spec_b2f_0 -> (!spec_f2b_0 -> spec_f2b_1))) & (throttle_1 -> (steer_0 -> (steer_1 -> (!spec_b2f_0 -> (!spec_f2b_0 -> spec_f2b_1)))))) & (throttle_0 -> (!throttle_1 -> (steer_0 -> (steer_1 -> (!spec_b2f_0 -> (!spec_f2b_0 -> spec_f2b_1))))) & (throttle_1 -> (!spec_b2f_0 -> (!spec_f2b_0 -> spec_f2b_1))))))', 'G(obstacle_0 -> (X(obstacle_0) -> (sideSense_0 -> (X(sideSense_0) -> (!sideSense_1 -> (X(!(sideSense_1)) -> (!throttle_0 -> (throttle_1 -> (!steer_0 -> (!spec_b2f_0 -> (!spec_f2b_0 -> spec_f2b_1))) & (steer_0 -> (!steer_1 -> (!spec_b2f_0 -> (!spec_f2b_0 -> spec_f2b_1)))))) & (throttle_0 -> (!throttle_1 -> (!steer_0 -> (!spec_b2f_0 -> (!spec_f2b_0 -> spec_f2b_1))) & (steer_0 -> (!steer_1 -> (!spec_b2f_0 -> (!spec_f2b_0 -> spec_f2b_1))))))))))))']",True
5a69348e-4801-45ff-b6b1-27bedbaadc13,"['G(obstacle_0 -> (!sideSense_0 -> (!throttle_0 -> (!throttle_1 -> (!spec_b2f_0 -> (!spec_f2b_0 -> spec_f2b_1))) & (throttle_1 -> (steer_0 -> (steer_1 -> (!spec_b2f_0 -> (!spec_f2b_0 -> spec_f2b_1)))))) & (throttle_0 -> (!throttle_1 -> (steer_0 -> (steer_1 -> (!spec_b2f_0 -> (!spec_f2b_0 -> spec_f2b_1))))) & (throttle_1 -> (!spec_b2f_0 -> (!spec_f2b_0 -> spec_f2b_1))))))', 'G(obstacle_0 -> (sideSense_0 -> (!sideSense_1 -> (!throttle_0 -> (!throttle_1 -> (!spec_b2f_0 -> (!spec_f2b_0 -> spec_f2b_1))) & (throttle_1 -> (steer_0 -> (steer_1 -> (!spec_b2f_0 -> (!spec_f2b_0 -> spec_f2b_1)))))) & (throttle_0 -> (!throttle_1 -> (steer_0 -> (steer_1 -> (!spec_b2f_0 -> (!spec_f2b_0 -> spec_f2b_1))))) & (throttle_1 -> (!spec_b2f_0 -> (!spec_f2b_0 -> spec_f2b_1)))))))']",True
ed4175db-defb-438a-b6e8-f73c70723860,"['G(F(obstacle_0 -> (!sideSense_0 -> (sideSense_1 -> (!throttle_0 -> (throttle_1 -> (!steer_0 -> (!spec_b2f_0 -> (!spec_f2b_0 -> spec_f2b_1))) & (steer_0 -> (!steer_1 -> (!spec_b2f_0 -> (!spec_f2b_0 -> spec_f2b_1)))))) & (throttle_0 -> (!throttle_1 -> (!steer_0 -> (!spec_b2f_0 -> (!spec_f2b_0 -> spec_f2b_1))) & (steer_0 -> (!steer_1 -> (!spec_b2f_0 -> (!spec_f2b_0 -> spec_f2b_1)))))))) & (sideSense_0 -> (!sideSense_1 -> (!throttle_0 -> (throttle_1 -> (!steer_0 -> (!spec_b2f_0 -> (!spec_f2b_0 -> spec_f2b_1))) & (steer_0 -> (!steer_1 -> (!spec_b2f_0 -> (!spec_f2b_0 -> spec_f2b_1)))))) & (throttle_0 -> (!throttle_1 -> (!steer_0 -> (!spec_b2f_0 -> (!spec_f2b_0 -> spec_f2b_1))) & (steer_0 -> (!steer_1 -> (!spec_b2f_0 -> (!spec_f2b_0 -> spec_f2b_1))))))))))', 'G(obstacle_0 -> (!sideSense_0 -> (!sideSense_1 -> (!throttle_0 -> (!throttle_1 -> (!spec_b2f_0 -> (!spec_f2b_0 -> spec_f2b_1))) & (throttle_1 -> (steer_0 -> (steer_1 -> (!spec_b2f_0 -> (!spec_f2b_0 -> spec_f2b_1)))))) & (throttle_0 -> (!throttle_1 -> (steer_0 -> (steer_1 -> (!spec_b2f_0 -> (!spec_f2b_0 -> spec_f2b_1))))) & (throttle_1 -> (!spec_b2f_0 -> (!spec_f2b_0 -> spec_f2b_1)))))))']",True
fe009002-08eb-4794-9649-a940c8d2f7b7,"['G(obstacle_0 -> (!sideSense_0 -> (!sideSense_1 -> (!throttle_0 -> (!throttle_1 -> (!spec_b2f_0 -> (!spec_f2b_0 -> spec_f2b_1))) & (throttle_1 -> (steer_0 -> (steer_1 -> (!spec_b2f_0 -> (!spec_f2b_0 -> spec_f2b_1)))))) & (throttle_0 -> (!throttle_1 -> (steer_0 -> (steer_1 -> (!spec_b2f_0 -> (!spec_f2b_0 -> spec_f2b_1))))) & (throttle_1 -> (!spec_b2f_0 -> (!spec_f2b_0 -> spec_f2b_1)))))))', 'G(obstacle_0 -> (X(obstacle_0) -> (!sideSense_0 -> (X(!(sideSense_0)) -> (sideSense_1 -> (X(sideSense_1) -> (!throttle_0 -> (throttle_1 -> (!steer_0 -> (!spec_b2f_0 -> (!spec_f2b_0 -> spec_f2b_1))) & (steer_0 -> (!steer_1 -> (!spec_b2f_0 -> (!spec_f2b_0 -> spec_f2b_1)))))) & (throttle_0 -> (!throttle_1 -> (!steer_0 -> (!spec_b2f_0 -> (!spec_f2b_0 -> spec_f2b_1))) & (steer_0 -> (!steer_1 -> (!spec_b2f_0 -> (!spec_f2b_0 -> spec_f2b_1))))))))) & (X(sideSense_0) -> (sideSense_1 -> (X(!(sideSense_1)) -> (!throttle_0 -> (throttle_1 -> (!steer_0 -> (!spec_b2f_0 -> (!spec_f2b_0 -> spec_f2b_1))) & (steer_0 -> (!steer_1 -> (!spec_b2f_0 -> (!spec_f2b_0 -> spec_f2b_1)))))) & (throttle_0 -> (!throttle_1 -> (!steer_0 -> (!spec_b2f_0 -> (!spec_f2b_0 -> spec_f2b_1))) & (steer_0 -> (!steer_1 -> (!spec_b2f_0 -> (!spec_f2b_0 -> spec_f2b_1)))))))))) & (sideSense_0 -> (X(!(sideSense_0)) -> (!sideSense_1 -> (X(sideSense_1) -> (!throttle_0 -> (throttle_1 -> (!steer_0 -> (!spec_b2f_0 -> (!spec_f2b_0 -> spec_f2b_1))) & (steer_0 -> (!steer_1 -> (!spec_b2f_0 -> (!spec_f2b_0 -> spec_f2b_1)))))) & (throttle_0 -> (!throttle_1 -> (!steer_0 -> (!spec_b2f_0 -> (!spec_f2b_0 -> spec_f2b_1))) & (steer_0 -> (!steer_1 -> (!spec_b2f_0 -> (!spec_f2b_0 -> spec_f2b_1))))))))) & (X(sideSense_0) -> (!sideSense_1 -> (X(!(sideSense_1)) -> (!throttle_0 -> (throttle_1 -> (!steer_0 -> (!spec_b2f_0 -> (!spec_f2b_0 -> spec_f2b_1))) & (steer_0 -> (!steer_1 -> (!spec_b2f_0 -> (!spec_f2b_0 -> spec_f2b_1)))))) & (throttle_0 -> (!throttle_1 -> (!steer_0 -> (!spec_b2f_0 -> (!spec_f2b_0 -> spec_f2b_1))) & (steer_0 -> (!steer_1 -> (!spec_b2f_0 -> (!spec_f2b_0 -> spec_f2b_1))))))))))))']",True
79efd1bf-46aa-4121-b5dc-312643f9bf98,"['G(obstacle_0 -> (!sideSense_0 -> (!sideSense_1 -> (!throttle_0 -> (!throttle_1 -> (!spec_b2f_0 -> (!spec_f2b_0 -> spec_f2b_1))) & (throttle_1 -> (steer_0 -> (steer_1 -> (!spec_b2f_0 -> (!spec_f2b_0 -> spec_f2b_1)))))) & (throttle_0 -> (!throttle_1 -> (steer_0 -> (steer_1 -> (!spec_b2f_0 -> (!spec_f2b_0 -> spec_f2b_1))))) & (throttle_1 -> (!spec_b2f_0 -> (!spec_f2b_0 -> spec_f2b_1)))))))', 'G(obstacle_0 -> (!sideSense_0 -> (sideSense_1 -> (!throttle_0 -> (!throttle_1 -> (!spec_b2f_0 -> (!spec_f2b_0 -> spec_f2b_1))) & (throttle_1 -> (steer_0 -> (steer_1 -> (!spec_b2f_0 -> (!spec_f2b_0 -> spec_f2b_1)))))) & (throttle_0 -> (!throttle_1 -> (steer_0 -> (steer_1 -> (!spec_b2f_0 -> (!spec_f2b_0 -> spec_f2b_1))))) & (throttle_1 -> (!spec_b2f_0 -> (!spec_f2b_0 -> spec_f2b_1)))))) & (sideSense_0 -> (!sideSense_1 -> (!throttle_0 -> (!throttle_1 -> (!spec_b2f_0 -> (!spec_f2b_0 -> spec_f2b_1))) & (throttle_1 -> (steer_0 -> (steer_1 -> (!spec_b2f_0 -> (!spec_f2b_0 -> spec_f2b_1)))))) & (throttle_0 -> (!throttle_1 -> (steer_0 -> (steer_1 -> (!spec_b2f_0 -> (!spec_f2b_0 -> spec_f2b_1))))) & (throttle_1 -> (!spec_b2f_0 -> (!spec_f2b_0 -> spec_f2b_1)))))))']",True
9d5b435b-d4aa-400f-a25b-4ed539c2908e,"['G(F(obstacle_0 -> (!sideSense_0 -> (sideSense_1 -> (!throttle_0 -> (throttle_1 -> (!steer_0 -> (!spec_b2f_0 -> (!spec_f2b_0 -> spec_f2b_1))) & (steer_0 -> (!steer_1 -> (!spec_b2f_0 -> (!spec_f2b_0 -> spec_f2b_1)))))) & (throttle_0 -> (!throttle_1 -> (!steer_0 -> (!spec_b2f_0 -> (!spec_f2b_0 -> spec_f2b_1))) & (steer_0 -> (!steer_1 -> (!spec_b2f_0 -> (!spec_f2b_0 -> spec_f2b_1)))))))) & (sideSense_0 -> (!sideSense_1 -> (!throttle_0 -> (throttle_1 -> (!steer_0 -> (!spec_b2f_0 -> (!spec_f2b_0 -> spec_f2b_1))) & (steer_0 -> (!steer_1 -> (!spec_b2f_0 -> (!spec_f2b_0 -> spec_f2b_1)))))) & (throttle_0 -> (!throttle_1 -> (!steer_0 -> (!spec_b2f_0 -> (!spec_f2b_0 -> spec_f2b_1))) & (steer_0 -> (!steer_1 -> (!spec_b2f_0 -> (!spec_f2b_0 -> spec_f2b_1))))))))))', 'G(obstacle_0 -> (!sideSense_0 -> (!sideSense_1 -> (!throttle_0 -> (!throttle_1 -> (!spec_b2f_0 -> (!spec_f2b_0 -> spec_f2b_1))) & (throttle_1 -> (steer_0 -> (steer_1 -> (!spec_b2f_0 -> (!spec_f2b_0 -> spec_f2b_1)))))) & (throttle_0 -> (!throttle_1 -> (steer_0 -> (steer_1 -> (!spec_b2f_0 -> (!spec_f2b_0 -> spec_f2b_1))))) & (throttle_1 -> (!spec_b2f_0 -> (!spec_f2b_0 -> spec_f2b_1)))))))']",True
d22d61fc-2851-4201-ab7d-a1fcb789f30d,"['G(obstacle_0 -> (!sideSense_0 -> (!sideSense_1 -> (!throttle_0 -> (!throttle_1 -> (!spec_b2f_0 -> (!spec_f2b_0 -> spec_f2b_1))) & (throttle_1 -> (steer_0 -> (steer_1 -> (!spec_b2f_0 -> (!spec_f2b_0 -> spec_f2b_1)))))) & (throttle_0 -> (!throttle_1 -> (steer_0 -> (steer_1 -> (!spec_b2f_0 -> (!spec_f2b_0 -> spec_f2b_1))))) & (throttle_1 -> (!spec_b2f_0 -> (!spec_f2b_0 -> spec_f2b_1)))))))', 'G(obstacle_0 -> (X(obstacle_0) -> (!sideSense_0 -> (X(!(sideSense_0)) -> (sideSense_1 -> (X(sideSense_1) -> (!throttle_0 -> (throttle_1 -> (!steer_0 -> (!spec_b2f_0 -> (!spec_f2b_0 -> spec_f2b_1))) & (steer_0 -> (!steer_1 -> (!spec_b2f_0 -> (!spec_f2b_0 -> spec_f2b_1)))))) & (throttle_0 -> (!throttle_1 -> (!steer_0 -> (!spec_b2f_0 -> (!spec_f2b_0 -> spec_f2b_1))) & (steer_0 -> (!steer_1 -> (!spec_b2f_0 -> (!spec_f2b_0 -> spec_f2b_1))))))))) & (X(sideSense_0) -> (sideSense_1 -> (X(!(sideSense_1)) -> (!throttle_0 -> (throttle_1 -> (!steer_0 -> (!spec_b2f_0 -> (!spec_f2b_0 -> spec_f2b_1))) & (steer_0 -> (!steer_1 -> (!spec_b2f_0 -> (!spec_f2b_0 -> spec_f2b_1)))))) & (throttle_0 -> (!throttle_1 -> (!steer_0 -> (!spec_b2f_0 -> (!spec_f2b_0 -> spec_f2b_1))) & (steer_0 -> (!steer_1 -> (!spec_b2f_0 -> (!spec_f2b_0 -> spec_f2b_1)))))))))) & (sideSense_0 -> (X(!(sideSense_0)) -> (!sideSense_1 -> (X(sideSense_1) -> (!throttle_0 -> (throttle_1 -> (!steer_0 -> (!spec_b2f_0 -> (!spec_f2b_0 -> spec_f2b_1))) & (steer_0 -> (!steer_1 -> (!spec_b2f_0 -> (!spec_f2b_0 -> spec_f2b_1)))))) & (throttle_0 -> (!throttle_1 -> (!steer_0 -> (!spec_b2f_0 -> (!spec_f2b_0 -> spec_f2b_1))) & (steer_0 -> (!steer_1 -> (!spec_b2f_0 -> (!spec_f2b_0 -> spec_f2b_1))))))))) & (X(sideSense_0) -> (!sideSense_1 -> (X(!(sideSense_1)) -> (!throttle_0 -> (throttle_1 -> (!steer_0 -> (!spec_b2f_0 -> (!spec_f2b_0 -> spec_f2b_1))) & (steer_0 -> (!steer_1 -> (!spec_b2f_0 -> (!spec_f2b_0 -> spec_f2b_1)))))) & (throttle_0 -> (!throttle_1 -> (!steer_0 -> (!spec_b2f_0 -> (!spec_f2b_0 -> spec_f2b_1))) & (steer_0 -> (!steer_1 -> (!spec_b2f_0 -> (!spec_f2b_0 -> spec_f2b_1))))))))))))']",True
242864e2-5c39-4d66-8b5d-d4a2b48b37be,"['G(obstacle_0 -> (!sideSense_0 -> (!sideSense_1 -> (!throttle_0 -> (!throttle_1 -> (!spec_b2f_0 -> (!spec_f2b_0 -> spec_f2b_1))) & (throttle_1 -> (steer_0 -> (steer_1 -> (!spec_b2f_0 -> (!spec_f2b_0 -> spec_f2b_1)))))) & (throttle_0 -> (!throttle_1 -> (steer_0 -> (steer_1 -> (!spec_b2f_0 -> (!spec_f2b_0 -> spec_f2b_1))))) & (throttle_1 -> (!spec_b2f_0 -> (!spec_f2b_0 -> spec_f2b_1)))))))', 'G(obstacle_0 -> (!sideSense_0 -> (sideSense_1 -> (!throttle_0 -> (!throttle_1 -> (!spec_b2f_0 -> (!spec_f2b_0 -> spec_f2b_1))) & (throttle_1 -> (steer_0 -> (steer_1 -> (!spec_b2f_0 -> (!spec_f2b_0 -> spec_f2b_1)))))) & (throttle_0 -> (!throttle_1 -> (steer_0 -> (steer_1 -> (!spec_b2f_0 -> (!spec_f2b_0 -> spec_f2b_1))))) & (throttle_1 -> (!spec_b2f_0 -> (!spec_f2b_0 -> spec_f2b_1)))))) & (sideSense_0 -> (!sideSense_1 -> (!throttle_0 -> (!throttle_1 -> (!spec_b2f_0 -> (!spec_f2b_0 -> spec_f2b_1))) & (throttle_1 -> (steer_0 -> (steer_1 -> (!spec_b2f_0 -> (!spec_f2b_0 -> spec_f2b_1)))))) & (throttle_0 -> (!throttle_1 -> (steer_0 -> (steer_1 -> (!spec_b2f_0 -> (!spec_f2b_0 -> spec_f2b_1))))) & (throttle_1 -> (!spec_b2f_0 -> (!spec_f2b_0 -> spec_f2b_1)))))))']",True
2268e7f6-3727-4f3a-94c4-ddf163f523d8,"['G(F(obstacle_0 -> (sideSense_0 -> (!sideSense_1 -> (!throttle_0 -> (throttle_1 -> (!steer_0 -> (!spec_b2f_0 -> (!spec_f2b_0 -> spec_f2b_1))) & (steer_0 -> (!steer_1 -> (!spec_b2f_0 -> (!spec_f2b_0 -> spec_f2b_1)))))) & (throttle_0 -> (!throttle_1 -> (!steer_0 -> (!spec_b2f_0 -> (!spec_f2b_0 -> spec_f2b_1))) & (steer_0 -> (!steer_1 -> (!spec_b2f_0 -> (!spec_f2b_0 -> spec_f2b_1))))))))))', 'G(obstacle_0 -> (!sideSense_0 -> (!sideSense_1 -> (!throttle_0 -> (!throttle_1 -> (!spec_b2f_0 -> (!spec_f2b_0 -> spec_f2b_1))) & (throttle_1 -> (steer_0 -> (steer_1 -> (!spec_b2f_0 -> (!spec_f2b_0 -> spec_f2b_1)))))) & (throttle_0 -> (!throttle_1 -> (steer_0 -> (steer_1 -> (!spec_b2f_0 -> (!spec_f2b_0 -> spec_f2b_1))))) & (throttle_1 -> (!spec_b2f_0 -> (!spec_f2b_0 -> spec_f2b_1)))))))', 'G(obstacle_0 -> (!sideSense_0 -> (sideSense_1 -> (!throttle_0 -> (!throttle_1 -> (!spec_b2f_0 -> (!spec_f2b_0 -> spec_f2b_1))) & (throttle_1 -> (steer_0 -> (steer_1 -> (!spec_b2f_0 -> (!spec_f2b_0 -> spec_f2b_1)))))) & (throttle_0 -> (!throttle_1 -> (steer_0 -> (steer_1 -> (!spec_b2f_0 -> (!spec_f2b_0 -> spec_f2b_1))))) & (throttle_1 -> (!spec_b2f_0 -> (!spec_f2b_0 -> spec_f2b_1)))))))']",True
a8fe40cd-2b77-4792-8381-3bac2eb4a4ad,"['G(obstacle_0 -> (!sideSense_0 -> (!sideSense_1 -> (!throttle_0 -> (!throttle_1 -> (!spec_b2f_0 -> (!spec_f2b_0 -> spec_f2b_1))) & (throttle_1 -> (steer_0 -> (steer_1 -> (!spec_b2f_0 -> (!spec_f2b_0 -> spec_f2b_1)))))) & (throttle_0 -> (!throttle_1 -> (steer_0 -> (steer_1 -> (!spec_b2f_0 -> (!spec_f2b_0 -> spec_f2b_1))))) & (throttle_1 -> (!spec_b2f_0 -> (!spec_f2b_0 -> spec_f2b_1)))))))', 'G(obstacle_0 -> (!sideSense_0 -> (sideSense_1 -> (!throttle_0 -> (!throttle_1 -> (!spec_b2f_0 -> (!spec_f2b_0 -> spec_f2b_1))) & (throttle_1 -> (steer_0 -> (steer_1 -> (!spec_b2f_0 -> (!spec_f2b_0 -> spec_f2b_1)))))) & (throttle_0 -> (!throttle_1 -> (steer_0 -> (steer_1 -> (!spec_b2f_0 -> (!spec_f2b_0 -> spec_f2b_1))))) & (throttle_1 -> (!spec_b2f_0 -> (!spec_f2b_0 -> spec_f2b_1)))))))', 'G(obstacle_0 -> (X(obstacle_0) -> (sideSense_0 -> (X(sideSense_0) -> (!sideSense_1 -> (X(!(sideSense_1)) -> (!throttle_0 -> (throttle_1 -> (!steer_0 -> (!spec_b2f_0 -> (!spec_f2b_0 -> spec_f2b_1))) & (steer_0 -> (!steer_1 -> (!spec_b2f_0 -> (!spec_f2b_0 -> spec_f2b_1)))))) & (throttle_0 -> (!throttle_1 -> (!steer_0 -> (!spec_b2f_0 -> (!spec_f2b_0 -> spec_f2b_1))) & (steer_0 -> (!steer_1 -> (!spec_b2f_0 -> (!spec_f2b_0 -> spec_f2b_1))))))))))))']",True
deea557f-6e2a-445d-aa67-ac48ab55d5ba,"['G(obstacle_0 -> (!sideSense_0 -> (!sideSense_1 -> (!throttle_0 -> (!throttle_1 -> (!spec_b2f_0 -> (!spec_f2b_0 -> spec_f2b_1))) & (throttle_1 -> (steer_0 -> (steer_1 -> (!spec_b2f_0 -> (!spec_f2b_0 -> spec_f2b_1)))))) & (throttle_0 -> (!throttle_1 -> (steer_0 -> (steer_1 -> (!spec_b2f_0 -> (!spec_f2b_0 -> spec_f2b_1))))) & (throttle_1 -> (!spec_b2f_0 -> (!spec_f2b_0 -> spec_f2b_1)))))))', 'G(obstacle_0 -> (!sideSense_0 -> (sideSense_1 -> (!throttle_0 -> (!throttle_1 -> (!spec_b2f_0 -> (!spec_f2b_0 -> spec_f2b_1))) & (throttle_1 -> (steer_0 -> (steer_1 -> (!spec_b2f_0 -> (!spec_f2b_0 -> spec_f2b_1)))))) & (throttle_0 -> (!throttle_1 -> (steer_0 -> (steer_1 -> (!spec_b2f_0 -> (!spec_f2b_0 -> spec_f2b_1))))) & (throttle_1 -> (!spec_b2f_0 -> (!spec_f2b_0 -> spec_f2b_1)))))))', 'G(obstacle_0 -> (sideSense_0 -> (!sideSense_1 -> (!throttle_0 -> (!throttle_1 -> (!spec_b2f_0 -> (!spec_f2b_0 -> spec_f2b_1))) & (throttle_1 -> (steer_0 -> (steer_1 -> (!spec_b2f_0 -> (!spec_f2b_0 -> spec_f2b_1)))))) & (throttle_0 -> (!throttle_1 -> (steer_0 -> (steer_1 -> (!spec_b2f_0 -> (!spec_f2b_0 -> spec_f2b_1))))) & (throttle_1 -> (!spec_b2f_0 -> (!spec_f2b_0 -> spec_f2b_1)))))))']",True
