Id,Refinement,ElapsedTime,Depth,IsYSat,IsRealizable,IsSolution
fa026964-5c02-4148-bf78-7815789894e1,"[]",0.003,0,True,False,False
84bc8c7c-87ae-4715-a2e8-33fc891831b3,"['GF (r=false -> (c=false -> (e1=false -> g=true)) and (c=true -> (e1=false -> v=true)))']",0.018,1,True,False,False
e3026df9-710b-449a-85a5-96509c548ccc,"['G (r=false -> (next(r)=false -> (c=false -> (next(c)=true -> (e1=false -> (next(e1)=false -> g=true)))) and (c=true -> (next(c)=true -> (e1=false -> (next(e1)=false -> v=true))))))']",0.023,1,True,False,False
cafa1ea7-7a32-462e-aca8-166052a2461a,"['G (r=false -> (c=true -> (e1=false -> v=false)))']",0.027,1,True,False,False
032c34ce-b9ff-4a15-96a2-079428375aae,"['GF (r=false -> (c=false -> (e1=false -> g=true)) and (c=true -> (e1=false -> v=true)))', 'G (r=false -> (next(r)=false -> (c=true -> (e1=false -> (next(e1)=true -> v=true)))))']",0.03,2,True,False,False
b7454ebc-9347-46ac-ae2c-d3dad5268c7d,"['GF (r=false -> (c=false -> (e1=false -> g=true)) and (c=true -> (e1=false -> v=true)))', 'GF (r=false -> (c=false -> (e1=true -> g=true)) and (c=true -> (e1=true -> v=true)))']",0.035,2,True,False,False
f86b6ceb-afb8-47e1-8458-c50103206a3c,"['GF (r=false -> (c=false -> (e1=false -> g=true)) and (c=true -> (e1=false -> v=true)))', 'G (r=false -> (next(r)=false -> (c=false -> (next(c)=true -> (e1=true -> g=true))) and (c=true -> (next(c)=true -> (e1=true -> v=true)))))']",0.039,2,True,False,False
c7a75658-fe92-42c5-8163-a5130a569bc6,"['GF (r=false -> (c=false -> (e1=false -> g=true)) and (c=true -> (e1=false -> v=true)))', 'G (r=false -> (c=true -> v=false))']",0.043,2,True,False,False
33ad8972-b345-46ef-bf3d-855f433cee5d,"['G (r=false -> (next(r)=false -> (c=false -> (next(c)=true -> (e1=false -> (next(e1)=false -> g=true)))) and (c=true -> (next(c)=true -> (e1=false -> (next(e1)=false -> v=true))))))', 'G (r=false -> (next(r)=false -> (c=true -> (next(c)=false -> (e1=false -> (next(e1)=false -> v=true))) and (next(c)=true -> (e1=false -> (next(e1)=true -> v=true))))))']",0.046,2,True,False,False
330eaa18-3074-4149-bc75-7f73aae1276f,"['G (r=false -> (next(r)=false -> (c=false -> (next(c)=true -> (e1=false -> (next(e1)=false -> g=true)))) and (c=true -> (next(c)=true -> (e1=false -> (next(e1)=false -> v=true))))))', 'GF (r=false -> (c=false -> (e1=false -> g=true)) and (c=true -> (e1=true -> v=true)))']",0.054,2,True,False,False
70439ded-48d8-40c1-aa56-068f3c67c3f0,"['G (r=false -> (next(r)=false -> (c=false -> (next(c)=true -> (e1=false -> (next(e1)=false -> g=true)))) and (c=true -> (next(c)=true -> (e1=false -> (next(e1)=false -> v=true))))))', 'G (r=false -> (next(r)=false -> (c=false -> (next(c)=true -> (e1=false -> g=true))) and (c=true -> (next(c)=true -> (e1=true -> v=true)))))']",0.058,2,True,False,False
3088e077-eb8f-48df-8c52-33fca50b0e6c,"['G (r=false -> (next(r)=false -> (c=false -> (next(c)=true -> (e1=false -> (next(e1)=false -> g=true)))) and (c=true -> (next(c)=true -> (e1=false -> (next(e1)=false -> v=true))))))', 'G (r=false -> (c=true -> v=false))']",0.062,2,True,False,False
8eb28f27-8229-4911-8cfc-6f7c48029383,"['G (r=false -> (c=true -> (e1=false -> v=false)))', 'GF (r=false -> (c=false -> (e1=false -> g=true)) and (c=true -> (e1=true -> v=true)))']",0.065,2,True,False,False
c42eaf69-a29f-45cf-a59d-c124e6f8302a,"['G (r=false -> (c=true -> (e1=false -> v=false)))', 'G (r=false -> (next(r)=false -> (c=false -> (next(c)=true -> (e1=false -> (next(e1)=true -> g=true)))) and (c=true -> (next(c)=true -> (e1=true -> (next(e1)=true -> v=true))))))']",0.068,2,True,False,False
618637a9-2374-4a9d-8643-504780ef89c5,"['G (r=false -> (c=true -> (e1=false -> v=false)))', 'G (r=false -> (c=true -> (e1=true -> v=false)))']",0.07,2,True,False,False
48285df8-ef4d-4c89-b802-9d3bf6cb5f49,"['GF (r=false -> (c=false -> (e1=false -> g=true)) and (c=true -> (e1=false -> v=true)))', 'G (r=false -> (next(r)=false -> (c=true -> (e1=false -> (next(e1)=true -> v=true)))))', 'G (r=false -> (next(r)=false -> (c=true -> (e1=false -> (next(e1)=true -> v=true))))) and(r=true -> (next(r)=false -> (c=false -> (e1=false -> (next(e1)=true -> g=true)))))']",0.073,3,True,False,False
dab60bb8-d370-43f9-ace5-fc701927580c,"['GF (r=false -> (c=false -> (e1=false -> g=true)) and (c=true -> (e1=false -> v=true)))', 'G (r=false -> (next(r)=false -> (c=true -> (e1=false -> (next(e1)=true -> v=true)))))', 'G (r=false -> (next(r)=false -> (c=true -> (next(c)=true -> (e1=false -> v=true))))) and(r=true -> (next(r)=false -> (c=false -> (next(c)=true -> (e1=false -> g=true)))))']",0.087,3,True,False,False
eae216e4-9b9d-4b27-bbdd-08f2eafbbae8,"['GF (r=false -> (c=false -> (e1=false -> g=true)) and (c=true -> (e1=false -> v=true)))', 'G (r=false -> (next(r)=false -> (c=true -> (e1=false -> (next(e1)=true -> v=true)))))', 'GF (r=false -> (c=false -> (e1=true -> g=true)) and (c=true -> (e1=true -> v=true)))']",0.092,3,True,False,False
149b8a2f-33db-4987-9b58-d3f19fcd2fc6,"['GF (r=false -> (c=false -> (e1=false -> g=true)) and (c=true -> (e1=false -> v=true)))', 'G (r=false -> (next(r)=false -> (c=true -> (e1=false -> (next(e1)=true -> v=true)))))', 'G (r=false -> (next(r)=false -> (c=false -> (next(c)=true -> (e1=true -> g=true))) and (c=true -> (next(c)=true -> (e1=true -> v=true)))))']",0.095,3,True,False,False
6bc8ed9b-5bc0-4725-af9a-e89b8e4c0383,"['GF (r=false -> (c=false -> (e1=false -> g=true)) and (c=true -> (e1=false -> v=true)))', 'G (r=false -> (next(r)=false -> (c=true -> (e1=false -> (next(e1)=true -> v=true)))))', 'G (r=false -> (c=true -> v=false))']",0.1,3,True,False,False
293c68c3-7432-4235-9ade-aa8badfa29bf,"['GF (r=false -> (c=false -> (e1=false -> g=true)) and (c=true -> (e1=false -> v=true)))', 'GF (r=false -> (c=false -> (e1=true -> g=true)) and (c=true -> (e1=true -> v=true)))', 'G (r=false -> (next(r)=false -> (c=true -> (next(c)=false -> (e1=false -> (next(e1)=true -> v=true))) and (next(c)=true -> (e1=false -> (next(e1)=false -> v=true))))))']",0.103,3,True,False,False
2324dd5e-6825-47a4-b4b5-6817fd3264ff,"['GF (r=false -> (c=false -> (e1=false -> g=true)) and (c=true -> (e1=false -> v=true)))', 'GF (r=false -> (c=false -> (e1=true -> g=true)) and (c=true -> (e1=true -> v=true)))', 'GF (r=false -> (c=false -> (e1=true -> g=true)) and (c=true -> (e1=false -> v=true)))']",0.108,3,True,False,False
12295537-ae28-4491-aeb3-7ce4d53bd91e,"['GF (r=false -> (c=false -> (e1=false -> g=true)) and (c=true -> (e1=false -> v=true)))', 'GF (r=false -> (c=false -> (e1=true -> g=true)) and (c=true -> (e1=true -> v=true)))', 'G (r=false -> (next(r)=false -> (c=false -> (next(c)=true -> (e1=true -> (next(e1)=false -> g=true)))) and (c=true -> (next(c)=true -> (e1=false -> (next(e1)=false -> v=true))))))']",0.115,3,True,False,False
f7979461-a3cb-4cfb-912f-cf231c4ab15c,"['GF (r=false -> (c=false -> (e1=false -> g=true)) and (c=true -> (e1=false -> v=true)))', 'GF (r=false -> (c=false -> (e1=true -> g=true)) and (c=true -> (e1=true -> v=true)))', 'G (r=false -> (c=true -> (e1=false -> v=false)))']",0.121,3,True,False,False
17b6387f-6e4e-4e6a-989e-9444e8d31866,"['GF (r=false -> (c=false -> (e1=false -> g=true)) and (c=true -> (e1=false -> v=true)))', 'G (r=false -> (next(r)=false -> (c=false -> (next(c)=true -> (e1=true -> g=true))) and (c=true -> (next(c)=true -> (e1=true -> v=true)))))', 'G (r=false -> (next(r)=false -> (c=false -> (next(c)=false -> (e1=true -> (next(e1)=true -> g=true)))) and (c=true -> (next(c)=false -> (e1=false -> (next(e1)=true -> v=true))))) and (next(r)=true -> (c=false -> (next(c)=true -> (e1=true -> (next(e1)=false -> g=true)))) and (c=true -> (next(c)=true -> (e1=false -> (next(e1)=false -> v=true)))))) and(r=true -> (next(r)=false -> (c=true -> (next(c)=false -> (e1=false -> (next(e1)=true -> (g=false -> v=true)))))) and (next(r)=true -> (c=true -> (next(c)=true -> (e1=false -> (next(e1)=false -> (g=false -> v=true)))))))']",0.125,3,True,False,False
760e09cb-c7e6-417e-87ca-14408258a59d,"['GF (r=false -> (c=false -> (e1=false -> g=true)) and (c=true -> (e1=false -> v=true)))', 'G (r=false -> (next(r)=false -> (c=false -> (next(c)=true -> (e1=true -> g=true))) and (c=true -> (next(c)=true -> (e1=true -> v=true)))))', 'G (r=false -> (c=false -> (next(c)=true -> (e1=true -> (next(e1)=false -> g=true)))) and (c=true -> (next(c)=true -> (e1=false -> (next(e1)=false -> v=true))))) and(r=true -> (c=true -> (next(c)=true -> (e1=false -> (next(e1)=false -> (g=false -> v=true))))))']",0.154,3,True,False,False
224facfe-c29a-4b94-8631-fb3eb54678b3,"['GF (r=false -> (c=false -> (e1=false -> g=true)) and (c=true -> (e1=false -> v=true)))', 'G (r=false -> (next(r)=false -> (c=false -> (next(c)=true -> (e1=true -> g=true))) and (c=true -> (next(c)=true -> (e1=true -> v=true)))))', 'GF (r=false -> (c=false -> (e1=true -> g=true))) and(r=true -> (c=true -> (e1=false -> v=true)))']",0.158,3,True,False,False
0dd0b607-97d2-4b45-9ea4-f60c824b30eb,"['GF (r=false -> (c=false -> (e1=false -> g=true)) and (c=true -> (e1=false -> v=true)))', 'G (r=false -> (next(r)=false -> (c=false -> (next(c)=true -> (e1=true -> g=true))) and (c=true -> (next(c)=true -> (e1=true -> v=true)))))', 'G (r=false -> (c=false -> (next(c)=true -> (e1=true -> (next(e1)=false -> g=true))))) and(r=true -> (c=true -> (next(c)=true -> (e1=false -> (next(e1)=false -> v=true)))))']",0.163,3,True,False,False
21357f86-63a0-42a9-b92b-3e1b85d8df93,"['GF (r=false -> (c=false -> (e1=false -> g=true)) and (c=true -> (e1=false -> v=true)))', 'G (r=false -> (next(r)=false -> (c=false -> (next(c)=true -> (e1=true -> g=true))) and (c=true -> (next(c)=true -> (e1=true -> v=true)))))', 'G (c=true -> (e1=false -> v=false))']",0.168,3,True,False,False
ae218e0f-7b0a-4157-8dbf-92a0586ec6d5,"['GF (r=false -> (c=false -> (e1=false -> g=true)) and (c=true -> (e1=false -> v=true)))', 'G (r=false -> (c=true -> v=false))', 'G (r=true -> (next(r)=false -> (c=true -> (next(c)=false -> (e1=false -> (next(e1)=true -> (g=false -> v=true)))))) and (next(r)=true -> (c=true -> (next(c)=true -> (e1=false -> (next(e1)=false -> (g=false -> v=true)))))))']",0.171,3,True,False,False
de929ae4-304d-4472-b315-4028390f6ac0,"['GF (r=false -> (c=false -> (e1=false -> g=true)) and (c=true -> (e1=false -> v=true)))', 'G (r=false -> (c=true -> v=false))', 'GF (r=false -> (c=false -> (e1=true -> g=true))) and(r=true -> (c=true -> (e1=false -> v=true)))']",0.175,3,True,False,False
9d056916-aacf-464e-9b85-d0993563b566,"['GF (r=false -> (c=false -> (e1=false -> g=true)) and (c=true -> (e1=false -> v=true)))', 'G (r=false -> (c=true -> v=false))', 'G (r=false -> (next(r)=true -> (c=false -> (next(c)=true -> (e1=true -> (next(e1)=false -> g=true)))))) and(r=true -> (next(r)=true -> (c=true -> (next(c)=true -> (e1=false -> (next(e1)=false -> v=true))))))']",0.18,3,True,False,False
f950bdf4-1685-4018-a142-1ebfe0aa98b7,"['GF (r=false -> (c=false -> (e1=false -> g=true)) and (c=true -> (e1=false -> v=true)))', 'G (r=false -> (c=true -> v=false))', 'G (r=true -> (c=true -> (e1=false -> v=false)))']",0.184,3,True,False,False
74753744-41a0-4564-9cd4-06d69643108f,"['G (r=false -> (next(r)=false -> (c=false -> (next(c)=true -> (e1=false -> (next(e1)=false -> g=true)))) and (c=true -> (next(c)=true -> (e1=false -> (next(e1)=false -> v=true))))))', 'G (r=false -> (next(r)=false -> (c=true -> (next(c)=false -> (e1=false -> (next(e1)=false -> v=true))) and (next(c)=true -> (e1=false -> (next(e1)=true -> v=true))))))', 'GF (r=false -> (c=false -> (e1=true -> g=true)) and (c=true -> (e1=false -> v=true)))']",0.188,3,True,False,False
584b6292-fa72-44ef-9cf5-309bcf9060c4,"['G (r=false -> (next(r)=false -> (c=false -> (next(c)=true -> (e1=false -> (next(e1)=false -> g=true)))) and (c=true -> (next(c)=true -> (e1=false -> (next(e1)=false -> v=true))))))', 'G (r=false -> (next(r)=false -> (c=true -> (next(c)=false -> (e1=false -> (next(e1)=false -> v=true))) and (next(c)=true -> (e1=false -> (next(e1)=true -> v=true))))))', 'G (r=false -> (next(r)=false -> (c=false -> (next(c)=true -> (e1=true -> (next(e1)=false -> g=true)))) and (c=true -> (next(c)=true -> (e1=false -> (next(e1)=false -> v=true))))))']",0.193,3,True,False,False
f68cbb04-1e52-4f3b-8ac3-8125e8309178,"['G (r=false -> (next(r)=false -> (c=false -> (next(c)=true -> (e1=false -> (next(e1)=false -> g=true)))) and (c=true -> (next(c)=true -> (e1=false -> (next(e1)=false -> v=true))))))', 'G (r=false -> (next(r)=false -> (c=true -> (next(c)=false -> (e1=false -> (next(e1)=false -> v=true))) and (next(c)=true -> (e1=false -> (next(e1)=true -> v=true))))))', 'G (r=false -> (c=true -> (e1=false -> v=false)))']",0.196,3,True,False,False
a2339c39-8c6b-4bec-8453-5b0d4ecc2b4e,"['G (r=false -> (next(r)=false -> (c=false -> (next(c)=true -> (e1=false -> (next(e1)=false -> g=true)))) and (c=true -> (next(c)=true -> (e1=false -> (next(e1)=false -> v=true))))))', 'GF (r=false -> (c=false -> (e1=false -> g=true)) and (c=true -> (e1=true -> v=true)))', 'GF (r=false -> (c=false -> (e1=true -> g=true)) and (c=true -> (e1=false -> v=true)))']",0.2,3,True,False,False
34dc8a64-31f0-4e74-a98a-a263b98d25c5,"['G (r=false -> (next(r)=false -> (c=false -> (next(c)=true -> (e1=false -> (next(e1)=false -> g=true)))) and (c=true -> (next(c)=true -> (e1=false -> (next(e1)=false -> v=true))))))', 'GF (r=false -> (c=false -> (e1=false -> g=true)) and (c=true -> (e1=true -> v=true)))', 'G (r=false -> (next(r)=false -> (c=false -> (next(c)=true -> (e1=true -> (next(e1)=false -> g=true)))) and (c=true -> (next(c)=true -> (e1=false -> (next(e1)=false -> v=true))))))']",0.205,3,True,False,False
85386b92-0343-40f0-ba15-18666604a499,"['G (r=false -> (next(r)=false -> (c=false -> (next(c)=true -> (e1=false -> (next(e1)=false -> g=true)))) and (c=true -> (next(c)=true -> (e1=false -> (next(e1)=false -> v=true))))))', 'GF (r=false -> (c=false -> (e1=false -> g=true)) and (c=true -> (e1=true -> v=true)))', 'G (r=false -> (c=true -> (e1=false -> v=false)))']",0.21,3,True,False,False
45e1b473-f69a-4b27-8740-c910d09b34b5,"['G (r=false -> (next(r)=false -> (c=false -> (next(c)=true -> (e1=false -> (next(e1)=false -> g=true)))) and (c=true -> (next(c)=true -> (e1=false -> (next(e1)=false -> v=true))))))', 'G (r=false -> (next(r)=false -> (c=false -> (next(c)=true -> (e1=false -> g=true))) and (c=true -> (next(c)=true -> (e1=true -> v=true)))))', 'G (r=false -> (next(r)=false -> (c=false -> (next(c)=false -> (e1=false -> (next(e1)=false -> g=true)))) and (c=true -> (next(c)=false -> (e1=false -> (next(e1)=false -> v=true))))) and (next(r)=true -> (c=false -> (next(c)=true -> (e1=false -> (next(e1)=false -> g=true)))) and (c=true -> (next(c)=true -> (e1=false -> (next(e1)=false -> v=true)))))) and(r=true -> (next(r)=false -> (c=true -> (next(c)=false -> (e1=false -> (next(e1)=false -> (g=false -> v=true)))))) and (next(r)=true -> (c=true -> (next(c)=true -> (e1=false -> (next(e1)=false -> (g=false -> v=true)))))))']",0.213,3,True,False,False
948cbffb-ab86-408c-87ca-71d1d39718ea,"['G (r=false -> (next(r)=false -> (c=false -> (next(c)=true -> (e1=false -> (next(e1)=false -> g=true)))) and (c=true -> (next(c)=true -> (e1=false -> (next(e1)=false -> v=true))))))', 'G (r=false -> (next(r)=false -> (c=false -> (next(c)=true -> (e1=false -> g=true))) and (c=true -> (next(c)=true -> (e1=true -> v=true)))))', 'G (r=false -> (c=false -> (next(c)=true -> (e1=false -> (next(e1)=false -> g=true)))) and (c=true -> (next(c)=true -> (e1=false -> (next(e1)=false -> v=true))))) and(r=true -> (c=true -> (next(c)=true -> (e1=false -> (next(e1)=false -> (g=false -> v=true))))))']",0.214,3,True,False,False
d3f0a1e7-87a4-4099-a195-eff8b8c57f64,"['G (r=false -> (next(r)=false -> (c=false -> (next(c)=true -> (e1=false -> (next(e1)=false -> g=true)))) and (c=true -> (next(c)=true -> (e1=false -> (next(e1)=false -> v=true))))))', 'G (r=false -> (next(r)=false -> (c=false -> (next(c)=true -> (e1=false -> g=true))) and (c=true -> (next(c)=true -> (e1=true -> v=true)))))', 'GF (r=false -> (c=false -> (e1=false -> g=true))) and(r=true -> (c=true -> (e1=false -> v=true)))']",0.217,3,True,False,False
43cbefb9-3041-48c8-88ea-6c4752fdf803,"['G (r=false -> (next(r)=false -> (c=false -> (next(c)=true -> (e1=false -> (next(e1)=false -> g=true)))) and (c=true -> (next(c)=true -> (e1=false -> (next(e1)=false -> v=true))))))', 'G (r=false -> (next(r)=false -> (c=false -> (next(c)=true -> (e1=false -> g=true))) and (c=true -> (next(c)=true -> (e1=true -> v=true)))))', 'G (r=false -> (c=false -> (next(c)=true -> (e1=false -> (next(e1)=false -> g=true))))) and(r=true -> (c=true -> (next(c)=true -> (e1=false -> (next(e1)=false -> v=true)))))']",0.219,3,True,False,False
28844887-7a46-4ff9-99f1-b0cbb96b62aa,"['G (r=false -> (next(r)=false -> (c=false -> (next(c)=true -> (e1=false -> (next(e1)=false -> g=true)))) and (c=true -> (next(c)=true -> (e1=false -> (next(e1)=false -> v=true))))))', 'G (r=false -> (next(r)=false -> (c=false -> (next(c)=true -> (e1=false -> g=true))) and (c=true -> (next(c)=true -> (e1=true -> v=true)))))', 'G (c=true -> (e1=false -> v=false))']",0.222,3,True,False,False
4c99939b-7d46-46c4-84c4-9994300dfce4,"['G (r=false -> (next(r)=false -> (c=false -> (next(c)=true -> (e1=false -> (next(e1)=false -> g=true)))) and (c=true -> (next(c)=true -> (e1=false -> (next(e1)=false -> v=true))))))', 'G (r=false -> (c=true -> v=false))', 'G (r=true -> (next(r)=false -> (c=true -> (next(c)=false -> (e1=false -> (next(e1)=false -> (g=false -> v=true)))))) and (next(r)=true -> (c=true -> (next(c)=true -> (e1=false -> (next(e1)=false -> (g=false -> v=true)))))))']",0.276,3,True,False,False
460abd08-8c93-420f-87b5-346bb762bde5,"['G (r=false -> (next(r)=false -> (c=false -> (next(c)=true -> (e1=false -> (next(e1)=false -> g=true)))) and (c=true -> (next(c)=true -> (e1=false -> (next(e1)=false -> v=true))))))', 'G (r=false -> (c=true -> v=false))', 'GF (r=false -> (c=false -> (e1=false -> g=true))) and(r=true -> (c=true -> (e1=false -> v=true)))']",0.278,3,True,False,False
bdbbbd67-6a01-42e4-8067-478996e432be,"['G (r=false -> (next(r)=false -> (c=false -> (next(c)=true -> (e1=false -> (next(e1)=false -> g=true)))) and (c=true -> (next(c)=true -> (e1=false -> (next(e1)=false -> v=true))))))', 'G (r=false -> (c=true -> v=false))', 'G (r=false -> (next(r)=true -> (c=false -> (next(c)=true -> (e1=false -> (next(e1)=false -> g=true)))))) and(r=true -> (next(r)=true -> (c=true -> (next(c)=true -> (e1=false -> (next(e1)=false -> v=true))))))']",0.28,3,True,False,False
301537f1-6c11-47e4-b9c4-895ee1370bc0,"['G (r=false -> (next(r)=false -> (c=false -> (next(c)=true -> (e1=false -> (next(e1)=false -> g=true)))) and (c=true -> (next(c)=true -> (e1=false -> (next(e1)=false -> v=true))))))', 'G (r=false -> (c=true -> v=false))', 'G (r=true -> (c=true -> (e1=false -> v=false)))']",0.282,3,True,False,False
f6de4204-dd79-4d9e-8fe8-a6a312dac44f,"['G (r=false -> (c=true -> (e1=false -> v=false)))', 'GF (r=false -> (c=false -> (e1=false -> g=true)) and (c=true -> (e1=true -> v=true)))', 'G (r=false -> (next(r)=false -> (c=false -> (next(c)=false -> (e1=true -> (next(e1)=true -> g=true)))) and (c=true -> (next(c)=false -> (e1=true -> (next(e1)=true -> v=true))))) and (next(r)=true -> (c=false -> (next(c)=true -> (e1=true -> (next(e1)=false -> g=true)))) and (c=true -> (next(c)=true -> (e1=true -> (next(e1)=false -> v=true)))))) and(r=true -> (next(r)=false -> (c=true -> (next(c)=false -> (e1=false -> (next(e1)=true -> (g=false -> v=true)))))) and (next(r)=true -> (c=true -> (next(c)=true -> (e1=false -> (next(e1)=false -> (g=false -> v=true)))))))']",0.284,3,True,False,False
136992f2-067a-4f42-88f0-f4a63fa66f1b,"['G (r=false -> (c=true -> (e1=false -> v=false)))', 'GF (r=false -> (c=false -> (e1=false -> g=true)) and (c=true -> (e1=true -> v=true)))', 'G (r=false -> (next(r)=false -> (c=false -> (next(c)=true -> (e1=true -> (next(e1)=true -> g=true)))) and (c=true -> (next(c)=true -> (e1=true -> (next(e1)=true -> v=true))))) and (next(r)=true -> (c=false -> (next(c)=true -> (e1=true -> (next(e1)=false -> g=true)))) and (c=true -> (next(c)=true -> (e1=true -> (next(e1)=false -> v=true)))))) and(r=true -> (next(r)=false -> (c=true -> (next(c)=true -> (e1=false -> (next(e1)=true -> (g=false -> v=true)))))) and (next(r)=true -> (c=true -> (next(c)=true -> (e1=false -> (next(e1)=false -> (g=false -> v=true)))))))']",0.288,3,True,False,False
f4c96add-0a41-4122-b145-8c5dd7a61168,"['G (r=false -> (c=true -> (e1=false -> v=false)))', 'GF (r=false -> (c=false -> (e1=false -> g=true)) and (c=true -> (e1=true -> v=true)))', 'GF (r=false -> (c=false -> (e1=true -> g=true))) and(r=true -> (c=true -> (e1=false -> v=true)))']",0.291,3,True,False,False
f9569e08-6c5a-4ec4-8b0e-6e5fa57877d5,"['G (r=false -> (c=true -> (e1=false -> v=false)))', 'GF (r=false -> (c=false -> (e1=false -> g=true)) and (c=true -> (e1=true -> v=true)))', 'G (r=false -> (next(r)=false -> (c=false -> (next(c)=true -> (e1=true -> (next(e1)=true -> g=true))))) and (next(r)=true -> (c=false -> (next(c)=true -> (e1=true -> (next(e1)=false -> g=true)))))) and(r=true -> (next(r)=false -> (c=true -> (next(c)=true -> (e1=false -> (next(e1)=true -> v=true))))) and (next(r)=true -> (c=true -> (next(c)=true -> (e1=false -> (next(e1)=false -> v=true))))))']",0.293,3,True,False,False
24cfe039-c078-47b7-b803-d89f6abdd00b,"['G (r=false -> (c=true -> (e1=false -> v=false)))', 'GF (r=false -> (c=false -> (e1=false -> g=true)) and (c=true -> (e1=true -> v=true)))', 'G (r=false -> (c=true -> (e1=true -> v=false))) and(r=true -> (c=true -> (e1=false -> v=false)))']",0.298,3,True,False,False
c06fad46-7e2b-47c2-a8d2-a22a57a85aa2,"['G (r=false -> (c=true -> (e1=false -> v=false)))', 'G (r=false -> (next(r)=false -> (c=false -> (next(c)=true -> (e1=false -> (next(e1)=true -> g=true)))) and (c=true -> (next(c)=true -> (e1=true -> (next(e1)=true -> v=true))))))', 'G (r=false -> (next(r)=false -> (c=false -> (next(c)=false -> (e1=false -> (next(e1)=false -> g=true)))) and (c=true -> (next(c)=false -> (e1=true -> (next(e1)=false -> v=true))))) and (next(r)=true -> (c=false -> (next(c)=true -> (e1=false -> (next(e1)=false -> g=true)))) and (c=true -> (next(c)=true -> (e1=true -> (next(e1)=false -> v=true)))))) and(r=true -> (next(r)=false -> (c=true -> (next(c)=false -> (e1=false -> (next(e1)=false -> (g=false -> v=true)))))) and (next(r)=true -> (c=true -> (next(c)=true -> (e1=false -> (next(e1)=false -> (g=false -> v=true)))))))']",0.3,3,True,False,False
edfdf3ad-10ed-4619-8631-bb5dccb82cb3,"['G (r=false -> (c=true -> (e1=false -> v=false)))', 'G (r=false -> (next(r)=false -> (c=false -> (next(c)=true -> (e1=false -> (next(e1)=true -> g=true)))) and (c=true -> (next(c)=true -> (e1=true -> (next(e1)=true -> v=true))))))', 'G (r=false -> (next(r)=false -> (c=false -> (next(c)=true -> (e1=false -> (next(e1)=true -> g=true)))) and (c=true -> (next(c)=true -> (e1=true -> (next(e1)=true -> v=true))))) and (next(r)=true -> (c=false -> (next(c)=true -> (e1=false -> (next(e1)=false -> g=true)))) and (c=true -> (next(c)=true -> (e1=true -> (next(e1)=false -> v=true)))))) and(r=true -> (next(r)=false -> (c=true -> (next(c)=true -> (e1=false -> (next(e1)=true -> (g=false -> v=true)))))) and (next(r)=true -> (c=true -> (next(c)=true -> (e1=false -> (next(e1)=false -> (g=false -> v=true)))))))']",0.302,3,True,False,False
9951aa99-42e1-49f8-8bed-947431110f1e,"['G (r=false -> (c=true -> (e1=false -> v=false)))', 'G (r=false -> (next(r)=false -> (c=false -> (next(c)=true -> (e1=false -> (next(e1)=true -> g=true)))) and (c=true -> (next(c)=true -> (e1=true -> (next(e1)=true -> v=true))))))', 'GF (r=false -> (c=false -> (e1=false -> g=true))) and(r=true -> (c=true -> (e1=false -> v=true)))']",0.305,3,True,False,False
af771f55-3c50-4356-81f2-1e6cd7d340ca,"['G (r=false -> (c=true -> (e1=false -> v=false)))', 'G (r=false -> (next(r)=false -> (c=false -> (next(c)=true -> (e1=false -> (next(e1)=true -> g=true)))) and (c=true -> (next(c)=true -> (e1=true -> (next(e1)=true -> v=true))))))', 'G (r=false -> (next(r)=false -> (c=false -> (next(c)=true -> (e1=false -> (next(e1)=true -> g=true))))) and (next(r)=true -> (c=false -> (next(c)=true -> (e1=false -> (next(e1)=false -> g=true)))))) and(r=true -> (next(r)=false -> (c=true -> (next(c)=true -> (e1=false -> (next(e1)=true -> v=true))))) and (next(r)=true -> (c=true -> (next(c)=true -> (e1=false -> (next(e1)=false -> v=true))))))']",0.307,3,True,False,False
b40d7c29-a81e-4b37-910c-c7bc97f9b7a2,"['G (r=false -> (c=true -> (e1=false -> v=false)))', 'G (r=false -> (next(r)=false -> (c=false -> (next(c)=true -> (e1=false -> (next(e1)=true -> g=true)))) and (c=true -> (next(c)=true -> (e1=true -> (next(e1)=true -> v=true))))))', 'G (r=false -> (c=true -> (e1=true -> v=false))) and(r=true -> (c=true -> (e1=false -> v=false)))']",0.31,3,True,False,False
ca269f5b-8403-4def-b383-cbbc414699cc,"['G (r=false -> (c=true -> (e1=false -> v=false)))', 'G (r=false -> (c=true -> (e1=true -> v=false)))', 'G (r=true -> (next(r)=false -> (c=true -> (next(c)=false -> (e1=false -> (next(e1)=false -> (g=false -> v=true)))))) and (next(r)=true -> (c=true -> (next(c)=true -> (e1=false -> (next(e1)=false -> (g=false -> v=true)))))))']",0.312,3,True,False,False
ee5d2236-9e26-4553-83a7-132f00e5d59c,"['G (r=false -> (c=true -> (e1=false -> v=false)))', 'G (r=false -> (c=true -> (e1=true -> v=false)))', 'GF (r=false -> (c=false -> (e1=false -> g=true))) and(r=true -> (c=true -> (e1=false -> v=true)))']",0.314,3,True,False,False
88cdad95-b114-41a5-a1a5-7cb1e399c927,"['G (r=false -> (c=true -> (e1=false -> v=false)))', 'G (r=false -> (c=true -> (e1=true -> v=false)))', 'G (r=false -> (next(r)=true -> (c=false -> (next(c)=true -> (e1=false -> (next(e1)=false -> g=true)))))) and(r=true -> (next(r)=true -> (c=true -> (next(c)=true -> (e1=false -> (next(e1)=false -> v=true))))))']",0.317,3,True,False,False
2b940dba-2875-4bb4-a4df-d444435d9cb7,"['G (r=false -> (c=true -> (e1=false -> v=false)))', 'G (r=false -> (c=true -> (e1=true -> v=false)))', 'G (r=true -> (c=true -> (e1=false -> v=false)))']",0.319,3,True,False,False
3a999b3b-cb70-4301-b958-a3613bcc8c85,"['GF (r=false -> (c=false -> (e1=false -> g=true)) and (c=true -> (e1=false -> v=true)))', 'G (r=false -> (next(r)=false -> (c=true -> (e1=false -> (next(e1)=true -> v=true)))))', 'G (r=false -> (next(r)=false -> (c=true -> (e1=false -> (next(e1)=true -> v=true))))) and(r=true -> (next(r)=false -> (c=false -> (e1=false -> (next(e1)=true -> g=true)))))', 'G (r=false -> (next(r)=false -> (c=true -> (e1=false -> (next(e1)=true -> v=true))))) and(r=true -> (next(r)=false -> (c=false -> (e1=false -> (next(e1)=true -> g=true))) and (c=true -> (e1=false -> (next(e1)=true -> v=true)))))']",0.321,4,True,False,False
91071896-008b-45e1-b80e-dc12d6f33e18,"['GF (r=false -> (c=false -> (e1=false -> g=true)) and (c=true -> (e1=false -> v=true)))', 'G (r=false -> (next(r)=false -> (c=true -> (e1=false -> (next(e1)=true -> v=true)))))', 'G (r=false -> (next(r)=false -> (c=true -> (e1=false -> (next(e1)=true -> v=true))))) and(r=true -> (next(r)=false -> (c=false -> (e1=false -> (next(e1)=true -> g=true)))))', 'G (r=false -> (next(r)=false -> (c=true -> (next(c)=true -> (e1=false -> v=true)))) and (next(r)=true -> (c=true -> (next(c)=true -> (e1=false -> (next(e1)=false -> v=true)))))) and(r=true -> (next(r)=false -> (c=false -> (next(c)=true -> (e1=false -> g=true))) and (c=true -> (next(c)=true -> (e1=false -> v=true)))) and (next(r)=true -> (c=false -> (next(c)=true -> (e1=false -> (next(e1)=false -> g=true)))) and (c=true -> (next(c)=true -> (e1=false -> (next(e1)=false -> v=true))))))']",0.324,4,True,False,False
506c79ad-7f47-4687-be00-f50b46990837,"['GF (r=false -> (c=false -> (e1=false -> g=true)) and (c=true -> (e1=false -> v=true)))', 'G (r=false -> (next(r)=false -> (c=true -> (e1=false -> (next(e1)=true -> v=true)))))', 'G (r=false -> (next(r)=false -> (c=true -> (e1=false -> (next(e1)=true -> v=true))))) and(r=true -> (next(r)=false -> (c=false -> (e1=false -> (next(e1)=true -> g=true)))))', 'GF (r=false -> (c=false -> (e1=true -> g=true)) and (c=true -> (e1=true -> v=true)))']",0.327,4,True,False,False
ec7302e0-27c1-4b6c-abc8-0fd3c45db367,"['GF (r=false -> (c=false -> (e1=false -> g=true)) and (c=true -> (e1=false -> v=true)))', 'G (r=false -> (next(r)=false -> (c=true -> (e1=false -> (next(e1)=true -> v=true)))))', 'G (r=false -> (next(r)=false -> (c=true -> (e1=false -> (next(e1)=true -> v=true))))) and(r=true -> (next(r)=false -> (c=false -> (e1=false -> (next(e1)=true -> g=true)))))', 'G (r=false -> (next(r)=false -> (c=false -> (next(c)=true -> (e1=true -> g=true))) and (c=true -> (next(c)=true -> (e1=true -> v=true)))) and (next(r)=true -> (c=false -> (next(c)=true -> (e1=true -> (next(e1)=false -> g=true)))) and (c=true -> (next(c)=true -> (e1=true -> (next(e1)=false -> v=true))))))']",0.331,4,True,False,False
c7a87dcc-0e69-4885-ac3b-ebbf3580f9e6,"['GF (r=false -> (c=false -> (e1=false -> g=true)) and (c=true -> (e1=false -> v=true)))', 'G (r=false -> (next(r)=false -> (c=true -> (e1=false -> (next(e1)=true -> v=true)))))', 'G (r=false -> (next(r)=false -> (c=true -> (e1=false -> (next(e1)=true -> v=true))))) and(r=true -> (next(r)=false -> (c=false -> (e1=false -> (next(e1)=true -> g=true)))))', 'G (r=false -> (c=true -> v=false)) and(r=true -> (c=true -> (e1=false -> v=false)))']",0.334,4,True,False,False
5a558b43-d886-425a-b8d7-a72d01c9a464,"['GF (r=false -> (c=false -> (e1=false -> g=true)) and (c=true -> (e1=false -> v=true)))', 'G (r=false -> (next(r)=false -> (c=true -> (e1=false -> (next(e1)=true -> v=true)))))', 'G (r=false -> (next(r)=false -> (c=true -> (next(c)=true -> (e1=false -> v=true))))) and(r=true -> (next(r)=false -> (c=false -> (next(c)=true -> (e1=false -> g=true)))))', 'G (r=false -> (next(r)=false -> (c=true -> (e1=false -> (next(e1)=true -> v=true))))) and(r=true -> (next(r)=false -> (c=false -> (e1=false -> (next(e1)=true -> g=true))) and (c=true -> (e1=false -> (next(e1)=true -> v=true)))))']",0.336,4,True,False,False
e61eed73-7d25-44fb-9c62-189128ff63f9,"['GF (r=false -> (c=false -> (e1=false -> g=true)) and (c=true -> (e1=false -> v=true)))', 'G (r=false -> (next(r)=false -> (c=true -> (e1=false -> (next(e1)=true -> v=true)))))', 'G (r=false -> (next(r)=false -> (c=true -> (next(c)=true -> (e1=false -> v=true))))) and(r=true -> (next(r)=false -> (c=false -> (next(c)=true -> (e1=false -> g=true)))))', 'G (r=false -> (next(r)=false -> (c=true -> (next(c)=true -> (e1=false -> v=true)))) and (next(r)=true -> (c=true -> (next(c)=true -> (e1=false -> (next(e1)=false -> v=true)))))) and(r=true -> (next(r)=false -> (c=false -> (next(c)=true -> (e1=false -> g=true))) and (c=true -> (next(c)=true -> (e1=false -> v=true)))) and (next(r)=true -> (c=false -> (next(c)=true -> (e1=false -> (next(e1)=false -> g=true)))) and (c=true -> (next(c)=true -> (e1=false -> (next(e1)=false -> v=true))))))']",0.339,4,True,False,False
8213b329-c0f8-4388-8f7d-c995f7e015bb,"['GF (r=false -> (c=false -> (e1=false -> g=true)) and (c=true -> (e1=false -> v=true)))', 'G (r=false -> (next(r)=false -> (c=true -> (e1=false -> (next(e1)=true -> v=true)))))', 'G (r=false -> (next(r)=false -> (c=true -> (next(c)=true -> (e1=false -> v=true))))) and(r=true -> (next(r)=false -> (c=false -> (next(c)=true -> (e1=false -> g=true)))))', 'GF (r=false -> (c=false -> (e1=true -> g=true)) and (c=true -> (e1=true -> v=true)))']",0.343,4,True,False,False
bd2923e5-a318-4f80-9139-68d96f44ada1,"['GF (r=false -> (c=false -> (e1=false -> g=true)) and (c=true -> (e1=false -> v=true)))', 'G (r=false -> (next(r)=false -> (c=true -> (e1=false -> (next(e1)=true -> v=true)))))', 'G (r=false -> (next(r)=false -> (c=true -> (next(c)=true -> (e1=false -> v=true))))) and(r=true -> (next(r)=false -> (c=false -> (next(c)=true -> (e1=false -> g=true)))))', 'G (r=false -> (next(r)=false -> (c=false -> (next(c)=true -> (e1=true -> g=true))) and (c=true -> (next(c)=true -> (e1=true -> v=true)))) and (next(r)=true -> (c=false -> (next(c)=true -> (e1=true -> (next(e1)=false -> g=true)))) and (c=true -> (next(c)=true -> (e1=true -> (next(e1)=false -> v=true))))))']",0.347,4,True,False,False
59008b53-29cf-484a-9928-4150f6960f0a,"['GF (r=false -> (c=false -> (e1=false -> g=true)) and (c=true -> (e1=false -> v=true)))', 'G (r=false -> (next(r)=false -> (c=true -> (e1=false -> (next(e1)=true -> v=true)))))', 'G (r=false -> (next(r)=false -> (c=true -> (next(c)=true -> (e1=false -> v=true))))) and(r=true -> (next(r)=false -> (c=false -> (next(c)=true -> (e1=false -> g=true)))))', 'G (r=false -> (c=true -> v=false)) and(r=true -> (c=true -> (e1=false -> v=false)))']",0.349,4,True,False,False
5cbad02b-2c87-435d-a381-4f473aa4b079,"['GF (r=false -> (c=false -> (e1=false -> g=true)) and (c=true -> (e1=false -> v=true)))', 'G (r=false -> (next(r)=false -> (c=true -> (e1=false -> (next(e1)=true -> v=true)))))', 'GF (r=false -> (c=false -> (e1=true -> g=true)) and (c=true -> (e1=true -> v=true)))', 'G (r=false -> (next(r)=false -> (c=true -> (next(c)=true -> (e1=false -> (next(e1)=false -> v=true))))) and (next(r)=true -> (c=true -> (next(c)=false -> (e1=false -> (next(e1)=false -> v=true))))))']",0.352,4,True,False,False
09bf78f7-0b39-4a74-a8e6-14121bd96ac7,"['GF (r=false -> (c=false -> (e1=false -> g=true)) and (c=true -> (e1=false -> v=true)))', 'G (r=false -> (next(r)=false -> (c=true -> (e1=false -> (next(e1)=true -> v=true)))))', 'GF (r=false -> (c=false -> (e1=true -> g=true)) and (c=true -> (e1=true -> v=true)))', 'GF (r=false -> (c=true -> (e1=false -> v=true))) and(r=true -> (c=false -> (e1=false -> g=true)))']",0.355,4,True,False,False
3557887a-357e-4508-af8b-8631e7ec87bd,"['GF (r=false -> (c=false -> (e1=false -> g=true)) and (c=true -> (e1=false -> v=true)))', 'G (r=false -> (next(r)=false -> (c=true -> (e1=false -> (next(e1)=true -> v=true)))))', 'GF (r=false -> (c=false -> (e1=true -> g=true)) and (c=true -> (e1=true -> v=true)))', 'G (r=false -> (next(r)=false -> (c=true -> (next(c)=true -> (e1=false -> (next(e1)=false -> v=true)))))) and(r=true -> (next(r)=false -> (c=false -> (next(c)=true -> (e1=false -> (next(e1)=false -> g=true))))))']",0.478,4,True,False,False
a7b417c0-edbf-4a3d-b8a3-2ff74e5d42a1,"['GF (r=false -> (c=false -> (e1=false -> g=true)) and (c=true -> (e1=false -> v=true)))', 'G (r=false -> (next(r)=false -> (c=true -> (e1=false -> (next(e1)=true -> v=true)))))', 'GF (r=false -> (c=false -> (e1=true -> g=true)) and (c=true -> (e1=true -> v=true)))', 'G (r=false -> (c=true -> (e1=false -> v=false)))']",0.482,4,True,False,False
0db0eec6-731f-480f-bde7-49ee49a90791,"['GF (r=false -> (c=false -> (e1=false -> g=true)) and (c=true -> (e1=false -> v=true)))', 'G (r=false -> (next(r)=false -> (c=true -> (e1=false -> (next(e1)=true -> v=true)))))', 'G (r=false -> (next(r)=false -> (c=false -> (next(c)=true -> (e1=true -> g=true))) and (c=true -> (next(c)=true -> (e1=true -> v=true)))))', 'G (r=false -> (next(r)=false -> (c=false -> (next(c)=false -> (e1=true -> (next(e1)=true -> g=true)))) and (c=true -> (next(c)=false -> (next(e1)=true -> v=true)))) and (next(r)=true -> (c=false -> (next(c)=true -> (e1=true -> (next(e1)=false -> g=true)))) and (c=true -> (next(c)=true -> (next(e1)=false -> v=true))))) and(r=true -> (next(r)=false -> (c=false -> (next(c)=false -> (e1=false -> (next(e1)=true -> g=true)))) and (c=true -> (next(c)=false -> (e1=false -> (next(e1)=true -> (g=false -> v=true)))))) and (next(r)=true -> (c=false -> (next(c)=true -> (e1=false -> (next(e1)=false -> g=true)))) and (c=true -> (next(c)=true -> (e1=false -> (next(e1)=false -> (g=false -> v=true)))))))']",0.484,4,True,False,False
a74ef622-a978-4ea2-a986-64df710586a1,"['GF (r=false -> (c=false -> (e1=false -> g=true)) and (c=true -> (e1=false -> v=true)))', 'G (r=false -> (next(r)=false -> (c=true -> (e1=false -> (next(e1)=true -> v=true)))))', 'G (r=false -> (next(r)=false -> (c=false -> (next(c)=true -> (e1=true -> g=true))) and (c=true -> (next(c)=true -> (e1=true -> v=true)))))', 'G (r=false -> (next(r)=false -> (c=false -> (next(c)=true -> (e1=true -> g=true))) and (c=true -> (next(c)=true -> v=true))) and (next(r)=true -> (c=false -> (next(c)=true -> (e1=true -> (next(e1)=false -> g=true)))) and (c=true -> (next(c)=true -> (next(e1)=false -> v=true))))) and(r=true -> (next(r)=false -> (c=false -> (next(c)=true -> (e1=false -> g=true))) and (c=true -> (next(c)=true -> (e1=false -> (g=false -> v=true))))) and (next(r)=true -> (c=false -> (next(c)=true -> (e1=false -> (next(e1)=false -> g=true)))) and (c=true -> (next(c)=true -> (e1=false -> (next(e1)=false -> (g=false -> v=true)))))))']",0.487,4,True,False,False
9b8d11da-3be2-4e07-b6f7-034f52f51962,"['GF (r=false -> (c=false -> (e1=false -> g=true)) and (c=true -> (e1=false -> v=true)))', 'G (r=false -> (next(r)=false -> (c=true -> (e1=false -> (next(e1)=true -> v=true)))))', 'G (r=false -> (next(r)=false -> (c=false -> (next(c)=true -> (e1=true -> g=true))) and (c=true -> (next(c)=true -> (e1=true -> v=true)))))', 'GF (r=false -> (c=false -> (e1=true -> g=true))) and(r=true -> (c=true -> (e1=false -> v=true)))']",0.49,4,True,False,False
bd2cebbe-fbe5-4cbd-acd4-39fa98f47251,"['GF (r=false -> (c=false -> (e1=false -> g=true)) and (c=true -> (e1=false -> v=true)))', 'G (r=false -> (next(r)=false -> (c=true -> (e1=false -> (next(e1)=true -> v=true)))))', 'G (r=false -> (next(r)=false -> (c=false -> (next(c)=true -> (e1=true -> g=true))) and (c=true -> (next(c)=true -> (e1=true -> v=true)))))', 'G (r=false -> (next(r)=false -> (c=false -> (next(c)=true -> (e1=true -> g=true)))) and (next(r)=true -> (c=false -> (next(c)=true -> (e1=true -> (next(e1)=false -> g=true)))))) and(r=true -> (next(r)=false -> (c=true -> (next(c)=true -> (e1=false -> v=true)))) and (next(r)=true -> (c=true -> (next(c)=true -> (e1=false -> (next(e1)=false -> v=true))))))']",0.493,4,True,False,False
3129415b-dad6-45fe-b27a-9c2bf38ff34f,"['GF (r=false -> (c=false -> (e1=false -> g=true)) and (c=true -> (e1=false -> v=true)))', 'G (r=false -> (next(r)=false -> (c=true -> (e1=false -> (next(e1)=true -> v=true)))))', 'G (r=false -> (next(r)=false -> (c=false -> (next(c)=true -> (e1=true -> g=true))) and (c=true -> (next(c)=true -> (e1=true -> v=true)))))', 'G (r=false -> (c=true -> v=false)) and(r=true -> (c=true -> (e1=false -> v=false)))']",0.496,4,True,False,False
adc07f77-6252-47ae-a10e-a7d1141864f5,"['GF (r=false -> (c=false -> (e1=false -> g=true)) and (c=true -> (e1=false -> v=true)))', 'G (r=false -> (next(r)=false -> (c=true -> (e1=false -> (next(e1)=true -> v=true)))))', 'G (r=false -> (c=true -> v=false))', 'G (r=true -> (next(r)=false -> (c=true -> (next(c)=false -> (e1=false -> (next(e1)=true -> (g=false -> v=true)))))) and (next(r)=true -> (c=true -> (next(c)=true -> (e1=false -> (next(e1)=false -> (g=false -> v=true)))))))']",0.499,4,True,False,False
c184bd7b-8202-4fac-8eb7-2336513cc2f0,"['GF (r=false -> (c=false -> (e1=false -> g=true)) and (c=true -> (e1=false -> v=true)))', 'G (r=false -> (next(r)=false -> (c=true -> (e1=false -> (next(e1)=true -> v=true)))))', 'G (r=false -> (c=true -> v=false))', 'GF (r=false -> (c=false -> (e1=true -> g=true))) and(r=true -> (c=true -> (e1=false -> v=true)))']",0.501,4,True,False,False
ef1e7eba-3249-4baf-a06a-927ff620ba20,"['GF (r=false -> (c=false -> (e1=false -> g=true)) and (c=true -> (e1=false -> v=true)))', 'G (r=false -> (next(r)=false -> (c=true -> (e1=false -> (next(e1)=true -> v=true)))))', 'G (r=false -> (c=true -> v=false))', 'G (r=false -> (next(r)=true -> (c=false -> (next(c)=true -> (e1=true -> (next(e1)=false -> g=true)))))) and(r=true -> (next(r)=true -> (c=true -> (next(c)=true -> (e1=false -> (next(e1)=false -> v=true))))))']",0.504,4,True,False,False
5f035cb9-0992-4bf2-81ce-1edb22a8be35,"['GF (r=false -> (c=false -> (e1=false -> g=true)) and (c=true -> (e1=false -> v=true)))', 'G (r=false -> (next(r)=false -> (c=true -> (e1=false -> (next(e1)=true -> v=true)))))', 'G (r=false -> (c=true -> v=false))', 'G (r=true -> (c=true -> (e1=false -> v=false)))']",0.507,4,True,False,False
acd0df85-2864-4006-ad24-c7045c6077fa,"['GF (r=false -> (c=false -> (e1=false -> g=true)) and (c=true -> (e1=false -> v=true)))', 'GF (r=false -> (c=false -> (e1=true -> g=true)) and (c=true -> (e1=true -> v=true)))', 'G (r=false -> (next(r)=false -> (c=true -> (next(c)=false -> (e1=false -> (next(e1)=true -> v=true))) and (next(c)=true -> (e1=false -> (next(e1)=false -> v=true))))))', 'G (r=false -> (next(r)=false -> (c=true -> (next(c)=false -> (e1=false -> (next(e1)=false -> v=true))) and (next(c)=true -> (e1=false -> (next(e1)=true -> v=true))))))']",0.509,4,True,False,False
a4355f56-4797-404f-a633-3cbf6b964b61,"['GF (r=false -> (c=false -> (e1=false -> g=true)) and (c=true -> (e1=false -> v=true)))', 'GF (r=false -> (c=false -> (e1=true -> g=true)) and (c=true -> (e1=true -> v=true)))', 'G (r=false -> (next(r)=false -> (c=true -> (next(c)=false -> (e1=false -> (next(e1)=true -> v=true))) and (next(c)=true -> (e1=false -> (next(e1)=false -> v=true))))))', 'G (r=false -> (next(r)=false -> (c=true -> (next(c)=true -> (e1=false -> v=true)))))']",0.512,4,True,False,False
f8372493-1826-4dbf-88a2-6e66c1511011,"['GF (r=false -> (c=false -> (e1=false -> g=true)) and (c=true -> (e1=false -> v=true)))', 'GF (r=false -> (c=false -> (e1=true -> g=true)) and (c=true -> (e1=true -> v=true)))', 'G (r=false -> (next(r)=false -> (c=true -> (next(c)=false -> (e1=false -> (next(e1)=true -> v=true))) and (next(c)=true -> (e1=false -> (next(e1)=false -> v=true))))))', 'GF (r=false -> (c=false -> (e1=false -> g=true)) and (c=true -> (e1=true -> v=true)))']",0.515,4,True,False,False
b8fe7714-7dad-4c71-a31a-e7e9011fe116,"['GF (r=false -> (c=false -> (e1=false -> g=true)) and (c=true -> (e1=false -> v=true)))', 'GF (r=false -> (c=false -> (e1=true -> g=true)) and (c=true -> (e1=true -> v=true)))', 'G (r=false -> (next(r)=false -> (c=true -> (next(c)=false -> (e1=false -> (next(e1)=true -> v=true))) and (next(c)=true -> (e1=false -> (next(e1)=false -> v=true))))))', 'G (r=false -> (next(r)=false -> (c=false -> (next(c)=true -> (e1=false -> g=true))) and (c=true -> (next(c)=true -> (e1=true -> v=true)))))']",0.519,4,True,False,False
d23c47c5-2c29-46c4-9a2c-e56609709bda,"['GF (r=false -> (c=false -> (e1=false -> g=true)) and (c=true -> (e1=false -> v=true)))', 'GF (r=false -> (c=false -> (e1=true -> g=true)) and (c=true -> (e1=true -> v=true)))', 'G (r=false -> (next(r)=false -> (c=true -> (next(c)=false -> (e1=false -> (next(e1)=true -> v=true))) and (next(c)=true -> (e1=false -> (next(e1)=false -> v=true))))))', 'G (r=false -> (c=true -> v=false))']",0.523,4,True,False,False
097f6f6e-407c-469a-ad64-62d5a28ea99c,"['GF (r=false -> (c=false -> (e1=false -> g=true)) and (c=true -> (e1=false -> v=true)))', 'GF (r=false -> (c=false -> (e1=true -> g=true)) and (c=true -> (e1=true -> v=true)))', 'GF (r=false -> (c=false -> (e1=true -> g=true)) and (c=true -> (e1=false -> v=true)))', 'G (r=false -> (next(r)=false -> (c=true -> (e1=false -> v=true))))']",0.526,4,True,False,False
d67f5410-1214-40e3-913e-ce08f4082fab,"['GF (r=false -> (c=false -> (e1=false -> g=true)) and (c=true -> (e1=false -> v=true)))', 'GF (r=false -> (c=false -> (e1=true -> g=true)) and (c=true -> (e1=true -> v=true)))', 'GF (r=false -> (c=false -> (e1=true -> g=true)) and (c=true -> (e1=false -> v=true)))', 'GF (r=false -> (c=false -> g=true) and (c=true -> v=true))']",0.532,4,True,False,False
bedc6fea-96bb-48b8-8c5e-bfcdd7e1eb93,"['GF (r=false -> (c=false -> (e1=false -> g=true)) and (c=true -> (e1=false -> v=true)))', 'GF (r=false -> (c=false -> (e1=true -> g=true)) and (c=true -> (e1=true -> v=true)))', 'GF (r=false -> (c=false -> (e1=true -> g=true)) and (c=true -> (e1=false -> v=true)))', 'G (r=false -> (next(r)=false -> (c=false -> (next(c)=true -> g=true)) and (c=true -> (next(c)=true -> v=true))))']",0.537,4,True,False,False
9c5caf3f-2303-4c2d-9226-dc75867721f2,"['GF (r=false -> (c=false -> (e1=false -> g=true)) and (c=true -> (e1=false -> v=true)))', 'GF (r=false -> (c=false -> (e1=true -> g=true)) and (c=true -> (e1=true -> v=true)))', 'GF (r=false -> (c=false -> (e1=true -> g=true)) and (c=true -> (e1=false -> v=true)))', 'G (r=false -> (c=true -> v=false))']",0.543,4,True,False,False
f67c4f24-53cd-4bdd-bc30-776c80ac62d4,"['GF (r=false -> (c=false -> (e1=false -> g=true)) and (c=true -> (e1=false -> v=true)))', 'GF (r=false -> (c=false -> (e1=true -> g=true)) and (c=true -> (e1=true -> v=true)))', 'G (r=false -> (next(r)=false -> (c=false -> (next(c)=true -> (e1=true -> (next(e1)=false -> g=true)))) and (c=true -> (next(c)=true -> (e1=false -> (next(e1)=false -> v=true))))))', 'G (r=false -> (next(r)=false -> (c=false -> (next(c)=false -> (e1=true -> (next(e1)=true -> g=true)))) and (c=true -> (next(c)=false -> (e1=false -> (next(e1)=true -> v=true))))) and (next(r)=true -> (c=false -> (next(c)=true -> (e1=true -> (next(e1)=false -> g=true)))) and (c=true -> (next(c)=true -> (e1=false -> (next(e1)=false -> v=true)))))) and(r=true -> (next(r)=false -> (c=true -> (next(c)=false -> (e1=false -> (next(e1)=true -> (g=false -> v=true)))))) and (next(r)=true -> (c=true -> (next(c)=true -> (e1=false -> (next(e1)=false -> (g=false -> v=true)))))))']",0.548,4,True,False,False
c021a7fa-9779-4b00-a0bb-98bf90b6c6c6,"['GF (r=false -> (c=false -> (e1=false -> g=true)) and (c=true -> (e1=false -> v=true)))', 'GF (r=false -> (c=false -> (e1=true -> g=true)) and (c=true -> (e1=true -> v=true)))', 'G (r=false -> (next(r)=false -> (c=false -> (next(c)=true -> (e1=true -> (next(e1)=false -> g=true)))) and (c=true -> (next(c)=true -> (e1=false -> (next(e1)=false -> v=true))))))', 'G (r=false -> (c=false -> (next(c)=true -> (e1=true -> (next(e1)=false -> g=true)))) and (c=true -> (next(c)=true -> (e1=false -> (next(e1)=false -> v=true))))) and(r=true -> (c=true -> (next(c)=true -> (e1=false -> (next(e1)=false -> (g=false -> v=true))))))']",0.552,4,True,False,False
3479abde-6c1c-478f-afe6-043753178f26,"['GF (r=false -> (c=false -> (e1=false -> g=true)) and (c=true -> (e1=false -> v=true)))', 'GF (r=false -> (c=false -> (e1=true -> g=true)) and (c=true -> (e1=true -> v=true)))', 'G (r=false -> (next(r)=false -> (c=false -> (next(c)=true -> (e1=true -> (next(e1)=false -> g=true)))) and (c=true -> (next(c)=true -> (e1=false -> (next(e1)=false -> v=true))))))', 'GF (r=false -> (c=false -> (e1=true -> g=true))) and(r=true -> (c=true -> (e1=false -> v=true)))']",0.556,4,True,False,False
926acdd9-a979-4403-b274-7177cf3aee38,"['GF (r=false -> (c=false -> (e1=false -> g=true)) and (c=true -> (e1=false -> v=true)))', 'GF (r=false -> (c=false -> (e1=true -> g=true)) and (c=true -> (e1=true -> v=true)))', 'G (r=false -> (next(r)=false -> (c=false -> (next(c)=true -> (e1=true -> (next(e1)=false -> g=true)))) and (c=true -> (next(c)=true -> (e1=false -> (next(e1)=false -> v=true))))))', 'G (r=false -> (c=false -> (next(c)=true -> (e1=true -> (next(e1)=false -> g=true))))) and(r=true -> (c=true -> (next(c)=true -> (e1=false -> (next(e1)=false -> v=true)))))']",0.565,4,True,False,False
0abbd65b-3ee8-4de2-8b8e-28726324df17,"['GF (r=false -> (c=false -> (e1=false -> g=true)) and (c=true -> (e1=false -> v=true)))', 'GF (r=false -> (c=false -> (e1=true -> g=true)) and (c=true -> (e1=true -> v=true)))', 'G (r=false -> (next(r)=false -> (c=false -> (next(c)=true -> (e1=true -> (next(e1)=false -> g=true)))) and (c=true -> (next(c)=true -> (e1=false -> (next(e1)=false -> v=true))))))', 'G (c=true -> (e1=false -> v=false))']",0.569,4,True,False,False
90c5d663-e8db-433b-8c08-17815b6c2ce4,"['GF (r=false -> (c=false -> (e1=false -> g=true)) and (c=true -> (e1=false -> v=true)))', 'GF (r=false -> (c=false -> (e1=true -> g=true)) and (c=true -> (e1=true -> v=true)))', 'G (r=false -> (c=true -> (e1=false -> v=false)))', 'GF (r=false -> (c=false -> (e1=false -> g=true)) and (c=true -> (e1=true -> v=true)))']",0.572,4,True,False,False
0a3d15d3-8dad-441c-bc5e-eb9596c6bc36,"['GF (r=false -> (c=false -> (e1=false -> g=true)) and (c=true -> (e1=false -> v=true)))', 'GF (r=false -> (c=false -> (e1=true -> g=true)) and (c=true -> (e1=true -> v=true)))', 'G (r=false -> (c=true -> (e1=false -> v=false)))', 'G (r=false -> (next(r)=false -> (c=false -> (next(c)=true -> (e1=false -> (next(e1)=true -> g=true)))) and (c=true -> (next(c)=true -> (e1=true -> (next(e1)=true -> v=true))))))']",0.578,4,True,False,False
7b3bde9e-cbf8-4247-a3d1-c232d03ec95f,"['GF (r=false -> (c=false -> (e1=false -> g=true)) and (c=true -> (e1=false -> v=true)))', 'GF (r=false -> (c=false -> (e1=true -> g=true)) and (c=true -> (e1=true -> v=true)))', 'G (r=false -> (c=true -> (e1=false -> v=false)))', 'G (r=false -> (c=true -> (e1=true -> v=false)))']",0.581,4,True,False,False
fbc9a7ba-754f-439d-a4df-5370a094a172,"['GF (r=false -> (c=false -> (e1=false -> g=true)) and (c=true -> (e1=false -> v=true)))', 'G (r=false -> (next(r)=false -> (c=false -> (next(c)=true -> (e1=true -> g=true))) and (c=true -> (next(c)=true -> (e1=true -> v=true)))))', 'G (r=false -> (next(r)=false -> (c=false -> (next(c)=false -> (e1=true -> (next(e1)=true -> g=true)))) and (c=true -> (next(c)=false -> (e1=false -> (next(e1)=true -> v=true))))) and (next(r)=true -> (c=false -> (next(c)=true -> (e1=true -> (next(e1)=false -> g=true)))) and (c=true -> (next(c)=true -> (e1=false -> (next(e1)=false -> v=true)))))) and(r=true -> (next(r)=false -> (c=true -> (next(c)=false -> (e1=false -> (next(e1)=true -> (g=false -> v=true)))))) and (next(r)=true -> (c=true -> (next(c)=true -> (e1=false -> (next(e1)=false -> (g=false -> v=true)))))))', 'G (r=false -> (next(r)=false -> (c=false -> (next(c)=false -> (e1=true -> (next(e1)=true -> g=true)))) and (c=true -> (next(c)=false -> (e1=false -> (next(e1)=true -> v=true)) and (e1=true -> (next(e1)=true -> (g=false -> v=true)))))) and (next(r)=true -> (c=false -> (next(c)=true -> (e1=true -> (next(e1)=true -> g=true)))) and (c=true -> (next(c)=true -> (e1=false -> (next(e1)=true -> v=true)) and (e1=true -> (next(e1)=true -> (g=false -> v=true))))))) and(r=true -> (next(r)=false -> (c=true -> (next(c)=false -> (e1=true -> (next(e1)=true -> (g=false -> v=true)))))) and (next(r)=true -> (c=true -> (next(c)=true -> (e1=true -> (next(e1)=true -> (g=false -> v=true)))))))']",0.585,4,True,False,False
114a3fc6-9bb6-4f07-83fe-29d27b159fa8,"['GF (r=false -> (c=false -> (e1=false -> g=true)) and (c=true -> (e1=false -> v=true)))', 'G (r=false -> (next(r)=false -> (c=false -> (next(c)=true -> (e1=true -> g=true))) and (c=true -> (next(c)=true -> (e1=true -> v=true)))))', 'G (r=false -> (next(r)=false -> (c=false -> (next(c)=false -> (e1=true -> (next(e1)=true -> g=true)))) and (c=true -> (next(c)=false -> (e1=false -> (next(e1)=true -> v=true))))) and (next(r)=true -> (c=false -> (next(c)=true -> (e1=true -> (next(e1)=false -> g=true)))) and (c=true -> (next(c)=true -> (e1=false -> (next(e1)=false -> v=true)))))) and(r=true -> (next(r)=false -> (c=true -> (next(c)=false -> (e1=false -> (next(e1)=true -> (g=false -> v=true)))))) and (next(r)=true -> (c=true -> (next(c)=true -> (e1=false -> (next(e1)=false -> (g=false -> v=true)))))))', 'G (r=false -> (next(r)=false -> (c=false -> (next(c)=true -> (e1=true -> g=true))) and (c=true -> (next(c)=true -> (e1=false -> v=true) and (e1=true -> (g=false -> v=true))))) and (next(r)=true -> (c=false -> (next(c)=true -> (e1=true -> (next(e1)=true -> g=true)))) and (c=true -> (next(c)=true -> (e1=false -> (next(e1)=true -> v=true)) and (e1=true -> (next(e1)=true -> (g=false -> v=true))))))) and(r=true -> (next(r)=false -> (c=true -> (next(c)=true -> (e1=true -> (g=false -> v=true))))) and (next(r)=true -> (c=true -> (next(c)=true -> (e1=true -> (next(e1)=true -> (g=false -> v=true)))))))']",0.59,4,True,False,False
1e6c20ff-121c-4b33-a15d-20a233371727,"['GF (r=false -> (c=false -> (e1=false -> g=true)) and (c=true -> (e1=false -> v=true)))', 'G (r=false -> (next(r)=false -> (c=false -> (next(c)=true -> (e1=true -> g=true))) and (c=true -> (next(c)=true -> (e1=true -> v=true)))))', 'G (r=false -> (next(r)=false -> (c=false -> (next(c)=false -> (e1=true -> (next(e1)=true -> g=true)))) and (c=true -> (next(c)=false -> (e1=false -> (next(e1)=true -> v=true))))) and (next(r)=true -> (c=false -> (next(c)=true -> (e1=true -> (next(e1)=false -> g=true)))) and (c=true -> (next(c)=true -> (e1=false -> (next(e1)=false -> v=true)))))) and(r=true -> (next(r)=false -> (c=true -> (next(c)=false -> (e1=false -> (next(e1)=true -> (g=false -> v=true)))))) and (next(r)=true -> (c=true -> (next(c)=true -> (e1=false -> (next(e1)=false -> (g=false -> v=true)))))))', 'GF (r=false -> (c=false -> (e1=true -> g=true))) and(r=true -> (c=true -> (e1=true -> v=true)))']",0.595,4,True,False,False
e6cb8067-71cc-4c29-a9ec-5947bed79a10,"['GF (r=false -> (c=false -> (e1=false -> g=true)) and (c=true -> (e1=false -> v=true)))', 'G (r=false -> (next(r)=false -> (c=false -> (next(c)=true -> (e1=true -> g=true))) and (c=true -> (next(c)=true -> (e1=true -> v=true)))))', 'G (r=false -> (next(r)=false -> (c=false -> (next(c)=false -> (e1=true -> (next(e1)=true -> g=true)))) and (c=true -> (next(c)=false -> (e1=false -> (next(e1)=true -> v=true))))) and (next(r)=true -> (c=false -> (next(c)=true -> (e1=true -> (next(e1)=false -> g=true)))) and (c=true -> (next(c)=true -> (e1=false -> (next(e1)=false -> v=true)))))) and(r=true -> (next(r)=false -> (c=true -> (next(c)=false -> (e1=false -> (next(e1)=true -> (g=false -> v=true)))))) and (next(r)=true -> (c=true -> (next(c)=true -> (e1=false -> (next(e1)=false -> (g=false -> v=true)))))))', 'G (r=false -> (next(r)=false -> (c=false -> (next(c)=true -> (e1=true -> g=true)))) and (next(r)=true -> (c=false -> (next(c)=true -> (e1=true -> (next(e1)=true -> g=true)))))) and(r=true -> (next(r)=false -> (c=true -> (next(c)=true -> (e1=true -> v=true)))) and (next(r)=true -> (c=true -> (next(c)=true -> (e1=true -> (next(e1)=true -> v=true))))))']",0.599,4,True,False,False
45fc30ec-46ab-48e2-89b2-a8ed1cdd26cc,"['GF (r=false -> (c=false -> (e1=false -> g=true)) and (c=true -> (e1=false -> v=true)))', 'G (r=false -> (next(r)=false -> (c=false -> (next(c)=true -> (e1=true -> g=true))) and (c=true -> (next(c)=true -> (e1=true -> v=true)))))', 'G (r=false -> (next(r)=false -> (c=false -> (next(c)=false -> (e1=true -> (next(e1)=true -> g=true)))) and (c=true -> (next(c)=false -> (e1=false -> (next(e1)=true -> v=true))))) and (next(r)=true -> (c=false -> (next(c)=true -> (e1=true -> (next(e1)=false -> g=true)))) and (c=true -> (next(c)=true -> (e1=false -> (next(e1)=false -> v=true)))))) and(r=true -> (next(r)=false -> (c=true -> (next(c)=false -> (e1=false -> (next(e1)=true -> (g=false -> v=true)))))) and (next(r)=true -> (c=true -> (next(c)=true -> (e1=false -> (next(e1)=false -> (g=false -> v=true)))))))', 'G (r=false -> (c=true -> (e1=false -> v=false) and (e1=true -> (g=false -> v=false)))) and(r=true -> (c=true -> (e1=true -> v=false)))']",0.603,4,True,False,False
e9a66d13-9e31-444b-bf28-de959ae281e4,"['GF (r=false -> (c=false -> (e1=false -> g=true)) and (c=true -> (e1=false -> v=true)))', 'G (r=false -> (next(r)=false -> (c=false -> (next(c)=true -> (e1=true -> g=true))) and (c=true -> (next(c)=true -> (e1=true -> v=true)))))', 'G (r=false -> (c=false -> (next(c)=true -> (e1=true -> (next(e1)=false -> g=true)))) and (c=true -> (next(c)=true -> (e1=false -> (next(e1)=false -> v=true))))) and(r=true -> (c=true -> (next(c)=true -> (e1=false -> (next(e1)=false -> (g=false -> v=true))))))', 'G (r=false -> (next(r)=false -> (c=false -> (next(c)=false -> (e1=true -> (next(e1)=true -> g=true)))) and (c=true -> (next(c)=false -> (e1=false -> (next(e1)=true -> v=true))))) and (next(r)=true -> (c=false -> (next(c)=true -> (e1=true -> (next(e1)=true -> g=true)))) and (c=true -> (next(c)=true -> (e1=false -> (next(e1)=true -> v=true)))))) and(r=true -> (next(r)=false -> (c=true -> (next(c)=false -> (e1=true -> (next(e1)=true -> (g=false -> v=true)))))) and (next(r)=true -> (c=true -> (next(c)=true -> (e1=true -> (next(e1)=true -> (g=false -> v=true)))))))']",0.606,4,True,False,False
7bf34c2b-a39d-49b8-b32e-7525557bf611,"['GF (r=false -> (c=false -> (e1=false -> g=true)) and (c=true -> (e1=false -> v=true)))', 'G (r=false -> (next(r)=false -> (c=false -> (next(c)=true -> (e1=true -> g=true))) and (c=true -> (next(c)=true -> (e1=true -> v=true)))))', 'G (r=false -> (c=false -> (next(c)=true -> (e1=true -> (next(e1)=false -> g=true)))) and (c=true -> (next(c)=true -> (e1=false -> (next(e1)=false -> v=true))))) and(r=true -> (c=true -> (next(c)=true -> (e1=false -> (next(e1)=false -> (g=false -> v=true))))))', 'G (r=false -> (next(r)=false -> (c=false -> (next(c)=true -> (e1=true -> (next(e1)=false -> g=true)))) and (c=true -> (next(c)=true -> (e1=false -> (next(e1)=false -> v=true))))) and (next(r)=true -> (c=false -> (next(c)=true -> (e1=true -> (next(e1)=true -> g=true)))) and (c=true -> (next(c)=true -> (e1=false -> (next(e1)=true -> v=true)))))) and(r=true -> (next(r)=false -> (c=true -> (next(c)=true -> (e1=true -> (next(e1)=false -> (g=false -> v=true)))))) and (next(r)=true -> (c=true -> (next(c)=true -> (e1=true -> (next(e1)=true -> (g=false -> v=true)))))))']",0.871,4,True,False,False
a3cef73c-1e38-4b2c-bc59-058f8119695d,"['GF (r=false -> (c=false -> (e1=false -> g=true)) and (c=true -> (e1=false -> v=true)))', 'G (r=false -> (next(r)=false -> (c=false -> (next(c)=true -> (e1=true -> g=true))) and (c=true -> (next(c)=true -> (e1=true -> v=true)))))', 'G (r=false -> (c=false -> (next(c)=true -> (e1=true -> (next(e1)=false -> g=true)))) and (c=true -> (next(c)=true -> (e1=false -> (next(e1)=false -> v=true))))) and(r=true -> (c=true -> (next(c)=true -> (e1=false -> (next(e1)=false -> (g=false -> v=true))))))', 'GF (r=false -> (c=false -> (e1=true -> g=true))) and(r=true -> (c=true -> (e1=true -> v=true)))']",0.875,4,True,False,False
4fe76bbc-dfca-4fc4-a169-859ea9613821,"['GF (r=false -> (c=false -> (e1=false -> g=true)) and (c=true -> (e1=false -> v=true)))', 'G (r=false -> (next(r)=false -> (c=false -> (next(c)=true -> (e1=true -> g=true))) and (c=true -> (next(c)=true -> (e1=true -> v=true)))))', 'G (r=false -> (c=false -> (next(c)=true -> (e1=true -> (next(e1)=false -> g=true)))) and (c=true -> (next(c)=true -> (e1=false -> (next(e1)=false -> v=true))))) and(r=true -> (c=true -> (next(c)=true -> (e1=false -> (next(e1)=false -> (g=false -> v=true))))))', 'G (r=false -> (next(r)=false -> (c=false -> (next(c)=true -> (e1=true -> (next(e1)=false -> g=true))))) and (next(r)=true -> (c=false -> (next(c)=true -> (e1=true -> (next(e1)=true -> g=true)))))) and(r=true -> (next(r)=false -> (c=true -> (next(c)=true -> (e1=true -> (next(e1)=false -> v=true))))) and (next(r)=true -> (c=true -> (next(c)=true -> (e1=true -> (next(e1)=true -> v=true))))))']",0.88,4,True,False,False
641d5ead-31f0-466a-bbc5-6066817c9c56,"['GF (r=false -> (c=false -> (e1=false -> g=true)) and (c=true -> (e1=false -> v=true)))', 'G (r=false -> (next(r)=false -> (c=false -> (next(c)=true -> (e1=true -> g=true))) and (c=true -> (next(c)=true -> (e1=true -> v=true)))))', 'G (r=false -> (c=false -> (next(c)=true -> (e1=true -> (next(e1)=false -> g=true)))) and (c=true -> (next(c)=true -> (e1=false -> (next(e1)=false -> v=true))))) and(r=true -> (c=true -> (next(c)=true -> (e1=false -> (next(e1)=false -> (g=false -> v=true))))))', 'G (r=false -> (c=true -> (e1=false -> v=false))) and(r=true -> (c=true -> (e1=true -> v=false)))']",0.883,4,True,False,False
1961ad28-6542-44b8-adc5-16ddf1a76bc7,"['GF (r=false -> (c=false -> (e1=false -> g=true)) and (c=true -> (e1=false -> v=true)))', 'G (r=false -> (next(r)=false -> (c=false -> (next(c)=true -> (e1=true -> g=true))) and (c=true -> (next(c)=true -> (e1=true -> v=true)))))', 'GF (r=false -> (c=false -> (e1=true -> g=true))) and(r=true -> (c=true -> (e1=false -> v=true)))', 'G (r=false -> (next(r)=false -> (c=false -> (next(c)=false -> (e1=true -> (next(e1)=true -> g=true)))) and (c=true -> (next(c)=false -> (e1=false -> (next(e1)=true -> v=true))))) and (next(r)=true -> (c=false -> (next(c)=true -> (e1=true -> (next(e1)=true -> g=true)))) and (c=true -> (next(c)=true -> (e1=false -> (next(e1)=true -> v=true)))))) and(r=true -> (next(r)=false -> (c=true -> (next(c)=false -> (e1=true -> (next(e1)=true -> (g=false -> v=true)))))) and (next(r)=true -> (c=true -> (next(c)=true -> (e1=true -> (next(e1)=true -> (g=false -> v=true)))))))']",0.886,4,True,False,False
3de5541c-a7cc-4bdf-b006-d398abba18a1,"['GF (r=false -> (c=false -> (e1=false -> g=true)) and (c=true -> (e1=false -> v=true)))', 'G (r=false -> (next(r)=false -> (c=false -> (next(c)=true -> (e1=true -> g=true))) and (c=true -> (next(c)=true -> (e1=true -> v=true)))))', 'GF (r=false -> (c=false -> (e1=true -> g=true))) and(r=true -> (c=true -> (e1=false -> v=true)))', 'G (r=false -> (next(r)=false -> (c=false -> (next(c)=true -> (e1=true -> (next(e1)=false -> g=true)))) and (c=true -> (next(c)=true -> (e1=false -> (next(e1)=false -> v=true))))) and (next(r)=true -> (c=false -> (next(c)=true -> (e1=true -> (next(e1)=true -> g=true)))) and (c=true -> (next(c)=true -> (e1=false -> (next(e1)=true -> v=true)))))) and(r=true -> (next(r)=false -> (c=true -> (next(c)=true -> (e1=true -> (next(e1)=false -> (g=false -> v=true)))))) and (next(r)=true -> (c=true -> (next(c)=true -> (e1=true -> (next(e1)=true -> (g=false -> v=true)))))))']",0.89,4,True,False,False
e49f1fdd-7907-4600-abc5-bff138541c73,"['GF (r=false -> (c=false -> (e1=false -> g=true)) and (c=true -> (e1=false -> v=true)))', 'G (r=false -> (next(r)=false -> (c=false -> (next(c)=true -> (e1=true -> g=true))) and (c=true -> (next(c)=true -> (e1=true -> v=true)))))', 'GF (r=false -> (c=false -> (e1=true -> g=true))) and(r=true -> (c=true -> (e1=false -> v=true)))', 'GF (r=false -> (c=false -> (e1=true -> g=true))) and(r=true -> (c=true -> (e1=true -> v=true)))']",0.894,4,True,False,False
6c759fcf-21a3-4074-b5e5-9cd8cb2a7e19,"['GF (r=false -> (c=false -> (e1=false -> g=true)) and (c=true -> (e1=false -> v=true)))', 'G (r=false -> (next(r)=false -> (c=false -> (next(c)=true -> (e1=true -> g=true))) and (c=true -> (next(c)=true -> (e1=true -> v=true)))))', 'GF (r=false -> (c=false -> (e1=true -> g=true))) and(r=true -> (c=true -> (e1=false -> v=true)))', 'G (r=false -> (next(r)=false -> (c=false -> (next(c)=true -> (e1=true -> (next(e1)=false -> g=true))))) and (next(r)=true -> (c=false -> (next(c)=true -> (e1=true -> (next(e1)=true -> g=true)))))) and(r=true -> (next(r)=false -> (c=true -> (next(c)=true -> (e1=true -> (next(e1)=false -> v=true))))) and (next(r)=true -> (c=true -> (next(c)=true -> (e1=true -> (next(e1)=true -> v=true))))))']",0.9,4,True,False,False
9a1aa2f4-70ad-4bc7-8829-08472c34c10d,"['GF (r=false -> (c=false -> (e1=false -> g=true)) and (c=true -> (e1=false -> v=true)))', 'G (r=false -> (next(r)=false -> (c=false -> (next(c)=true -> (e1=true -> g=true))) and (c=true -> (next(c)=true -> (e1=true -> v=true)))))', 'GF (r=false -> (c=false -> (e1=true -> g=true))) and(r=true -> (c=true -> (e1=false -> v=true)))', 'G (r=false -> (c=true -> (e1=false -> v=false))) and(r=true -> (c=true -> (e1=true -> v=false)))']",0.904,4,True,False,False
7be694ed-fa07-41a2-8d0a-6ef82146becb,"['GF (r=false -> (c=false -> (e1=false -> g=true)) and (c=true -> (e1=false -> v=true)))', 'G (r=false -> (next(r)=false -> (c=false -> (next(c)=true -> (e1=true -> g=true))) and (c=true -> (next(c)=true -> (e1=true -> v=true)))))', 'G (r=false -> (c=false -> (next(c)=true -> (e1=true -> (next(e1)=false -> g=true))))) and(r=true -> (c=true -> (next(c)=true -> (e1=false -> (next(e1)=false -> v=true)))))', 'G (r=false -> (next(r)=false -> (c=false -> (next(c)=false -> (e1=true -> (next(e1)=true -> g=true)))) and (c=true -> (next(c)=false -> (e1=false -> (next(e1)=true -> v=true))))) and (next(r)=true -> (c=false -> (next(c)=true -> (e1=true -> (next(e1)=true -> g=true)))) and (c=true -> (next(c)=true -> (e1=false -> (next(e1)=true -> v=true)))))) and(r=true -> (next(r)=false -> (c=true -> (next(c)=false -> (e1=true -> (next(e1)=true -> (g=false -> v=true)))))) and (next(r)=true -> (c=true -> (next(c)=true -> (e1=true -> (next(e1)=true -> (g=false -> v=true)))))))']",0.908,4,True,False,False
b8148044-bcf7-49e3-93da-74bf9f8a8ffa,"['GF (r=false -> (c=false -> (e1=false -> g=true)) and (c=true -> (e1=false -> v=true)))', 'G (r=false -> (next(r)=false -> (c=false -> (next(c)=true -> (e1=true -> g=true))) and (c=true -> (next(c)=true -> (e1=true -> v=true)))))', 'G (r=false -> (c=false -> (next(c)=true -> (e1=true -> (next(e1)=false -> g=true))))) and(r=true -> (c=true -> (next(c)=true -> (e1=false -> (next(e1)=false -> v=true)))))', 'G (r=false -> (next(r)=false -> (c=false -> (next(c)=true -> (e1=true -> (next(e1)=false -> g=true)))) and (c=true -> (next(c)=true -> (e1=false -> (next(e1)=false -> v=true))))) and (next(r)=true -> (c=false -> (next(c)=true -> (e1=true -> (next(e1)=true -> g=true)))) and (c=true -> (next(c)=true -> (e1=false -> (next(e1)=true -> v=true)))))) and(r=true -> (next(r)=false -> (c=true -> (next(c)=true -> (e1=true -> (next(e1)=false -> (g=false -> v=true)))))) and (next(r)=true -> (c=true -> (next(c)=true -> (e1=true -> (next(e1)=true -> (g=false -> v=true)))))))']",0.911,4,True,False,False
37876380-19c3-499a-b987-66b616ee518f,"['GF (r=false -> (c=false -> (e1=false -> g=true)) and (c=true -> (e1=false -> v=true)))', 'G (r=false -> (next(r)=false -> (c=false -> (next(c)=true -> (e1=true -> g=true))) and (c=true -> (next(c)=true -> (e1=true -> v=true)))))', 'G (r=false -> (c=false -> (next(c)=true -> (e1=true -> (next(e1)=false -> g=true))))) and(r=true -> (c=true -> (next(c)=true -> (e1=false -> (next(e1)=false -> v=true)))))', 'GF (r=false -> (c=false -> (e1=true -> g=true))) and(r=true -> (c=true -> (e1=true -> v=true)))']",0.915,4,True,False,False
f8e3fe27-8d86-4c2a-9047-85e2f6247c2f,"['GF (r=false -> (c=false -> (e1=false -> g=true)) and (c=true -> (e1=false -> v=true)))', 'G (r=false -> (next(r)=false -> (c=false -> (next(c)=true -> (e1=true -> g=true))) and (c=true -> (next(c)=true -> (e1=true -> v=true)))))', 'G (r=false -> (c=false -> (next(c)=true -> (e1=true -> (next(e1)=false -> g=true))))) and(r=true -> (c=true -> (next(c)=true -> (e1=false -> (next(e1)=false -> v=true)))))', 'G (r=false -> (next(r)=false -> (c=false -> (next(c)=true -> (e1=true -> (next(e1)=false -> g=true))))) and (next(r)=true -> (c=false -> (next(c)=true -> (e1=true -> (next(e1)=true -> g=true)))))) and(r=true -> (next(r)=false -> (c=true -> (next(c)=true -> (e1=true -> (next(e1)=false -> v=true))))) and (next(r)=true -> (c=true -> (next(c)=true -> (e1=true -> (next(e1)=true -> v=true))))))']",0.92,4,True,False,False
c0bef347-fbf8-494d-bd2b-d094ede4f5cb,"['GF (r=false -> (c=false -> (e1=false -> g=true)) and (c=true -> (e1=false -> v=true)))', 'G (r=false -> (next(r)=false -> (c=false -> (next(c)=true -> (e1=true -> g=true))) and (c=true -> (next(c)=true -> (e1=true -> v=true)))))', 'G (r=false -> (c=false -> (next(c)=true -> (e1=true -> (next(e1)=false -> g=true))))) and(r=true -> (c=true -> (next(c)=true -> (e1=false -> (next(e1)=false -> v=true)))))', 'G (r=false -> (c=true -> (e1=false -> v=false))) and(r=true -> (c=true -> (e1=true -> v=false)))']",0.924,4,True,False,False
7b06c05d-9afc-4bbd-ab2d-26b00f663699,"['GF (r=false -> (c=false -> (e1=false -> g=true)) and (c=true -> (e1=false -> v=true)))', 'G (r=false -> (next(r)=false -> (c=false -> (next(c)=true -> (e1=true -> g=true))) and (c=true -> (next(c)=true -> (e1=true -> v=true)))))', 'G (c=true -> (e1=false -> v=false))', 'G (r=false -> (next(r)=false -> (c=false -> (next(c)=false -> (e1=true -> (next(e1)=true -> g=true)))) and (c=true -> (next(c)=false -> (e1=true -> (next(e1)=true -> v=true))))) and (next(r)=true -> (c=false -> (next(c)=true -> (e1=true -> (next(e1)=true -> g=true)))) and (c=true -> (next(c)=true -> (e1=true -> (next(e1)=true -> v=true)))))) and(r=true -> (next(r)=false -> (c=true -> (next(c)=false -> (e1=true -> (next(e1)=true -> (g=false -> v=true)))))) and (next(r)=true -> (c=true -> (next(c)=true -> (e1=true -> (next(e1)=true -> (g=false -> v=true)))))))']",0.927,4,True,False,False
8c78395d-e4a2-4e34-be75-d5c4e46555e7,"['GF (r=false -> (c=false -> (e1=false -> g=true)) and (c=true -> (e1=false -> v=true)))', 'G (r=false -> (next(r)=false -> (c=false -> (next(c)=true -> (e1=true -> g=true))) and (c=true -> (next(c)=true -> (e1=true -> v=true)))))', 'G (c=true -> (e1=false -> v=false))', 'G (r=false -> (c=false -> (next(c)=true -> (e1=true -> (next(e1)=true -> g=true)))) and (c=true -> (next(c)=true -> (e1=true -> (next(e1)=true -> v=true))))) and(r=true -> (c=true -> (next(c)=true -> (e1=true -> (next(e1)=true -> (g=false -> v=true))))))']",0.93,4,True,False,False
fc7e9a24-81e8-4a0b-9278-42599ca05b16,"['GF (r=false -> (c=false -> (e1=false -> g=true)) and (c=true -> (e1=false -> v=true)))', 'G (r=false -> (next(r)=false -> (c=false -> (next(c)=true -> (e1=true -> g=true))) and (c=true -> (next(c)=true -> (e1=true -> v=true)))))', 'G (c=true -> (e1=false -> v=false))', 'GF (r=false -> (c=false -> (e1=true -> g=true))) and(r=true -> (c=true -> (e1=true -> v=true)))']",0.933,4,True,False,False
d0e767fc-53a7-424f-a1f9-39603ac3546e,"['GF (r=false -> (c=false -> (e1=false -> g=true)) and (c=true -> (e1=false -> v=true)))', 'G (r=false -> (next(r)=false -> (c=false -> (next(c)=true -> (e1=true -> g=true))) and (c=true -> (next(c)=true -> (e1=true -> v=true)))))', 'G (c=true -> (e1=false -> v=false))', 'G (r=false -> (c=false -> (next(c)=true -> (e1=true -> (next(e1)=true -> g=true))))) and(r=true -> (c=true -> (next(c)=true -> (e1=true -> (next(e1)=true -> v=true)))))']",0.935,4,True,False,False
15627a66-8cbc-4559-8f0b-bb4a33f2f345,"['G (c=true -> (e1=false -> v=false))', 'G (c=true -> (e1=true -> v=false))']",0.939,4,True,True,True
